date,stadium,stad_lat,stad_long,stad_address
2019-08-18 21:45:00,RECEP TAYYİP ERDOĞAN STADYUMU - İSTANBUL,41.032745,28.972365203229973,"Recep Tayyip Erdoğan Stadyumu, Yunus Kaptan Sokağı, Tepebaşı, Çatma Mescit Mahallesi, Beyoğlu, İstanbul, Marmara Bölgesi, 34430, Türkiye"
2019-08-23 20:30:00,VODAFONE PARK - İSTANBUL,41.03944355,28.994411799999998,"Vodafone Park, 1, Dolmabahçe Caddesi, Akaretler, Vişnezade Mahallesi, Beşiktaş, İstanbul, Marmara Bölgesi, 34357, Türkiye"
2019-08-24 21:45:00,BAŞAKŞEHİR FATİH TERİM - İSTANBUL,41.12280665,28.809385151889188,"İstanbul Başakşehir Fatih Terim Stadyumu, Ordu Caddesi, Başakşehir Mahallesi, Başakşehir, İstanbul, Marmara Bölgesi, 34480, Türkiye"
2019-08-30 20:30:00,RECEP TAYYİP ERDOĞAN STADYUMU - İSTANBUL,41.032745,28.972365203229973,"Recep Tayyip Erdoğan Stadyumu, Yunus Kaptan Sokağı, Tepebaşı, Çatma Mescit Mahallesi, Beyoğlu, İstanbul, Marmara Bölgesi, 34430, Türkiye"
2019-08-31 21:45:00,VODAFONE PARK - İSTANBUL,41.03944355,28.994411799999998,"Vodafone Park, 1, Dolmabahçe Caddesi, Akaretler, Vişnezade Mahallesi, Beşiktaş, İstanbul, Marmara Bölgesi, 34357, Türkiye"
2019-09-14 17:00:00,BAŞAKŞEHİR FATİH TERİM - İSTANBUL,41.12280665,28.809385151889188,"İstanbul Başakşehir Fatih Terim Stadyumu, Ordu Caddesi, Başakşehir Mahallesi, Başakşehir, İstanbul, Marmara Bölgesi, 34480, Türkiye"
2019-09-21 15:00:00,RECEP TAYYİP ERDOĞAN STADYUMU - İSTANBUL,41.032745,28.972365203229973,"Recep Tayyip Erdoğan Stadyumu, Yunus Kaptan Sokağı, Tepebaşı, Çatma Mescit Mahallesi, Beyoğlu, İstanbul, Marmara Bölgesi, 34430, Türkiye"
2019-09-23 20:00:00,VODAFONE PARK - İSTANBUL,41.03944355,28.994411799999998,"Vodafone Park, 1, Dolmabahçe Caddesi, Akaretler, Vişnezade Mahallesi, Beşiktaş, İstanbul, Marmara Bölgesi, 34357, Türkiye"
2019-09-27 20:30:00,BAŞAKŞEHİR FATİH TERİM - İSTANBUL,41.12280665,28.809385151889188,"İstanbul Başakşehir Fatih Terim Stadyumu, Ordu Caddesi, Başakşehir Mahallesi, Başakşehir, İstanbul, Marmara Bölgesi, 34480, Türkiye"
2019-10-05 15:00:00,RECEP TAYYİP ERDOĞAN STADYUMU - İSTANBUL,41.032745,28.972365203229973,"Recep Tayyip Erdoğan Stadyumu, Yunus Kaptan Sokağı, Tepebaşı, Çatma Mescit Mahallesi, Beyoğlu, İstanbul, Marmara Bölgesi, 34430, Türkiye"
2019-10-06 16:30:00,VODAFONE PARK - İSTANBUL,41.03944355,28.994411799999998,"Vodafone Park, 1, Dolmabahçe Caddesi, Akaretler, Vişnezade Mahallesi, Beşiktaş, İstanbul, Marmara Bölgesi, 34357, Türkiye"
2019-10-19 17:30:00,BAŞAKŞEHİR FATİH TERİM - İSTANBUL,41.12280665,28.809385151889188,"İstanbul Başakşehir Fatih Terim Stadyumu, Ordu Caddesi, Başakşehir Mahallesi, Başakşehir, İstanbul, Marmara Bölgesi, 34480, Türkiye"
2019-10-27 19:00:00,VODAFONE PARK - İSTANBUL,41.03944355,28.994411799999998,"Vodafone Park, 1, Dolmabahçe Caddesi, Akaretler, Vişnezade Mahallesi, Beşiktaş, İstanbul, Marmara Bölgesi, 34357, Türkiye"
2019-10-28 20:00:00,BAŞAKŞEHİR FATİH TERİM - İSTANBUL,41.12280665,28.809385151889188,"İstanbul Başakşehir Fatih Terim Stadyumu, Ordu Caddesi, Başakşehir Mahallesi, Başakşehir, İstanbul, Marmara Bölgesi, 34480, Türkiye"
2019-11-03 16:30:00,RECEP TAYYİP ERDOĞAN STADYUMU - İSTANBUL,41.032745,28.972365203229973,"Recep Tayyip Erdoğan Stadyumu, Yunus Kaptan Sokağı, Tepebaşı, Çatma Mescit Mahallesi, Beyoğlu, İstanbul, Marmara Bölgesi, 34430, Türkiye"
2019-11-10 19:00:00,VODAFONE PARK - İSTANBUL,41.03944355,28.994411799999998,"Vodafone Park, 1, Dolmabahçe Caddesi, Akaretler, Vişnezade Mahallesi, Beşiktaş, İstanbul, Marmara Bölgesi, 34357, Türkiye"
2019-11-10 19:00:00,BAŞAKŞEHİR FATİH TERİM - İSTANBUL,41.12280665,28.809385151889188,"İstanbul Başakşehir Fatih Terim Stadyumu, Ordu Caddesi, Başakşehir Mahallesi, Başakşehir, İstanbul, Marmara Bölgesi, 34480, Türkiye"
2019-11-24 16:30:00,RECEP TAYYİP ERDOĞAN STADYUMU - İSTANBUL,41.032745,28.972365203229973,"Recep Tayyip Erdoğan Stadyumu, Yunus Kaptan Sokağı, Tepebaşı, Çatma Mescit Mahallesi, Beyoğlu, İstanbul, Marmara Bölgesi, 34430, Türkiye"
2019-12-01 16:30:00,BAŞAKŞEHİR FATİH TERİM - İSTANBUL,41.12280665,28.809385151889188,"İstanbul Başakşehir Fatih Terim Stadyumu, Ordu Caddesi, Başakşehir Mahallesi, Başakşehir, İstanbul, Marmara Bölgesi, 34480, Türkiye"
2019-12-02 20:00:00,VODAFONE PARK - İSTANBUL,41.03944355,28.994411799999998,"Vodafone Park, 1, Dolmabahçe Caddesi, Akaretler, Vişnezade Mahallesi, Beşiktaş, İstanbul, Marmara Bölgesi, 34357, Türkiye"
2019-12-08 19:00:00,RECEP TAYYİP ERDOĞAN STADYUMU - İSTANBUL,41.032745,28.972365203229973,"Recep Tayyip Erdoğan Stadyumu, Yunus Kaptan Sokağı, Tepebaşı, Çatma Mescit Mahallesi, Beyoğlu, İstanbul, Marmara Bölgesi, 34430, Türkiye"
2019-12-15 19:00:00,VODAFONE PARK - İSTANBUL,41.03944355,28.994411799999998,"Vodafone Park, 1, Dolmabahçe Caddesi, Akaretler, Vişnezade Mahallesi, Beşiktaş, İstanbul, Marmara Bölgesi, 34357, Türkiye"
2019-12-16 20:00:00,BAŞAKŞEHİR FATİH TERİM - İSTANBUL,41.12280665,28.809385151889188,"İstanbul Başakşehir Fatih Terim Stadyumu, Ordu Caddesi, Başakşehir Mahallesi, Başakşehir, İstanbul, Marmara Bölgesi, 34480, Türkiye"
2019-12-21 17:30:00,RECEP TAYYİP ERDOĞAN STADYUMU - İSTANBUL,41.032745,28.972365203229973,"Recep Tayyip Erdoğan Stadyumu, Yunus Kaptan Sokağı, Tepebaşı, Çatma Mescit Mahallesi, Beyoğlu, İstanbul, Marmara Bölgesi, 34430, Türkiye"
2019-12-27 20:30:00,VODAFONE PARK - İSTANBUL,41.03944355,28.994411799999998,"Vodafone Park, 1, Dolmabahçe Caddesi, Akaretler, Vişnezade Mahallesi, Beşiktaş, İstanbul, Marmara Bölgesi, 34357, Türkiye"
2019-12-28 17:30:00,BAŞAKŞEHİR FATİH TERİM - İSTANBUL,41.12280665,28.809385151889188,"İstanbul Başakşehir Fatih Terim Stadyumu, Ordu Caddesi, Başakşehir Mahallesi, Başakşehir, İstanbul, Marmara Bölgesi, 34480, Türkiye"
2020-01-18 17:00:00,BAŞAKŞEHİR FATİH TERİM - İSTANBUL,41.12280665,28.809385151889188,"İstanbul Başakşehir Fatih Terim Stadyumu, Ordu Caddesi, Başakşehir Mahallesi, Başakşehir, İstanbul, Marmara Bölgesi, 34480, Türkiye"
2020-01-19 19:00:00,VODAFONE PARK - İSTANBUL,41.03944355,28.994411799999998,"Vodafone Park, 1, Dolmabahçe Caddesi, Akaretler, Vişnezade Mahallesi, Beşiktaş, İstanbul, Marmara Bölgesi, 34357, Türkiye"
2020-01-25 17:00:00,RECEP TAYYİP ERDOĞAN STADYUMU - İSTANBUL,41.032745,28.972365203229973,"Recep Tayyip Erdoğan Stadyumu, Yunus Kaptan Sokağı, Tepebaşı, Çatma Mescit Mahallesi, Beyoğlu, İstanbul, Marmara Bölgesi, 34430, Türkiye"
2020-01-31 20:00:00,BAŞAKŞEHİR FATİH TERİM - İSTANBUL,41.12280665,28.809385151889188,"İstanbul Başakşehir Fatih Terim Stadyumu, Ordu Caddesi, Başakşehir Mahallesi, Başakşehir, İstanbul, Marmara Bölgesi, 34480, Türkiye"
2020-02-08 17:00:00,VODAFONE PARK - İSTANBUL,41.03944355,28.994411799999998,"Vodafone Park, 1, Dolmabahçe Caddesi, Akaretler, Vişnezade Mahallesi, Beşiktaş, İstanbul, Marmara Bölgesi, 34357, Türkiye"
2020-02-09 19:00:00,RECEP TAYYİP ERDOĞAN STADYUMU - İSTANBUL,41.032745,28.972365203229973,"Recep Tayyip Erdoğan Stadyumu, Yunus Kaptan Sokağı, Tepebaşı, Çatma Mescit Mahallesi, Beyoğlu, İstanbul, Marmara Bölgesi, 34430, Türkiye"
2020-02-14 20:00:00,BAŞAKŞEHİR FATİH TERİM - İSTANBUL,41.12280665,28.809385151889188,"İstanbul Başakşehir Fatih Terim Stadyumu, Ordu Caddesi, Başakşehir Mahallesi, Başakşehir, İstanbul, Marmara Bölgesi, 34480, Türkiye"
2020-02-22 20:00:00,VODAFONE PARK - İSTANBUL,41.03944355,28.994411799999998,"Vodafone Park, 1, Dolmabahçe Caddesi, Akaretler, Vişnezade Mahallesi, Beşiktaş, İstanbul, Marmara Bölgesi, 34357, Türkiye"
2020-02-24 20:00:00,RECEP TAYYİP ERDOĞAN STADYUMU - İSTANBUL,41.032745,28.972365203229973,"Recep Tayyip Erdoğan Stadyumu, Yunus Kaptan Sokağı, Tepebaşı, Çatma Mescit Mahallesi, Beyoğlu, İstanbul, Marmara Bölgesi, 34430, Türkiye"
2020-03-02 20:00:00,BAŞAKŞEHİR FATİH TERİM - İSTANBUL,41.12280665,28.809385151889188,"İstanbul Başakşehir Fatih Terim Stadyumu, Ordu Caddesi, Başakşehir Mahallesi, Başakşehir, İstanbul, Marmara Bölgesi, 34480, Türkiye"
2020-03-06 20:00:00,VODAFONE PARK - İSTANBUL,41.03944355,28.994411799999998,"Vodafone Park, 1, Dolmabahçe Caddesi, Akaretler, Vişnezade Mahallesi, Beşiktaş, İstanbul, Marmara Bölgesi, 34357, Türkiye"
2020-03-08 13:30:00,RECEP TAYYİP ERDOĞAN STADYUMU - İSTANBUL,41.032745,28.972365203229973,"Recep Tayyip Erdoğan Stadyumu, Yunus Kaptan Sokağı, Tepebaşı, Çatma Mescit Mahallesi, Beyoğlu, İstanbul, Marmara Bölgesi, 34430, Türkiye"
2020-03-13 20:00:00,RECEP TAYYİP ERDOĞAN STADYUMU - İSTANBUL,41.032745,28.972365203229973,"Recep Tayyip Erdoğan Stadyumu, Yunus Kaptan Sokağı, Tepebaşı, Çatma Mescit Mahallesi, Beyoğlu, İstanbul, Marmara Bölgesi, 34430, Türkiye"
2020-06-13 18:30:00,BAŞAKŞEHİR FATİH TERİM - İSTANBUL,41.12280665,28.809385151889188,"İstanbul Başakşehir Fatih Terim Stadyumu, Ordu Caddesi, Başakşehir Mahallesi, Başakşehir, İstanbul, Marmara Bölgesi, 34480, Türkiye"
2020-06-13 21:00:00,VODAFONE PARK - İSTANBUL,41.03944355,28.994411799999998,"Vodafone Park, 1, Dolmabahçe Caddesi, Akaretler, Vişnezade Mahallesi, Beşiktaş, İstanbul, Marmara Bölgesi, 34357, Türkiye"
2020-06-21 18:30:00,RECEP TAYYİP ERDOĞAN STADYUMU - İSTANBUL,41.032745,28.972365203229973,"Recep Tayyip Erdoğan Stadyumu, Yunus Kaptan Sokağı, Tepebaşı, Çatma Mescit Mahallesi, Beyoğlu, İstanbul, Marmara Bölgesi, 34430, Türkiye"
2020-06-26 21:00:00,VODAFONE PARK - İSTANBUL,41.03944355,28.994411799999998,"Vodafone Park, 1, Dolmabahçe Caddesi, Akaretler, Vişnezade Mahallesi, Beşiktaş, İstanbul, Marmara Bölgesi, 34357, Türkiye"
2020-06-28 21:00:00,BAŞAKŞEHİR FATİH TERİM - İSTANBUL,41.12280665,28.809385151889188,"İstanbul Başakşehir Fatih Terim Stadyumu, Ordu Caddesi, Başakşehir Mahallesi, Başakşehir, İstanbul, Marmara Bölgesi, 34480, Türkiye"
2020-07-05 18:30:00,RECEP TAYYİP ERDOĞAN STADYUMU - İSTANBUL,41.032745,28.972365203229973,"Recep Tayyip Erdoğan Stadyumu, Yunus Kaptan Sokağı, Tepebaşı, Çatma Mescit Mahallesi, Beyoğlu, İstanbul, Marmara Bölgesi, 34430, Türkiye"
2020-07-07 21:00:00,BAŞAKŞEHİR FATİH TERİM - İSTANBUL,41.12280665,28.809385151889188,"İstanbul Başakşehir Fatih Terim Stadyumu, Ordu Caddesi, Başakşehir Mahallesi, Başakşehir, İstanbul, Marmara Bölgesi, 34480, Türkiye"
2020-07-09 21:00:00,VODAFONE PARK - İSTANBUL,41.03944355,28.994411799999998,"Vodafone Park, 1, Dolmabahçe Caddesi, Akaretler, Vişnezade Mahallesi, Beşiktaş, İstanbul, Marmara Bölgesi, 34357, Türkiye"
2020-07-13 18:30:00,RECEP TAYYİP ERDOĞAN STADYUMU - İSTANBUL,41.032745,28.972365203229973,"Recep Tayyip Erdoğan Stadyumu, Yunus Kaptan Sokağı, Tepebaşı, Çatma Mescit Mahallesi, Beyoğlu, İstanbul, Marmara Bölgesi, 34430, Türkiye"
2020-07-19 21:00:00,VODAFONE PARK - İSTANBUL,41.03944355,28.994411799999998,"Vodafone Park, 1, Dolmabahçe Caddesi, Akaretler, Vişnezade Mahallesi, Beşiktaş, İstanbul, Marmara Bölgesi, 34357, Türkiye"
2020-07-19 21:00:00,BAŞAKŞEHİR FATİH TERİM - İSTANBUL,41.12280665,28.809385151889188,"İstanbul Başakşehir Fatih Terim Stadyumu, Ordu Caddesi, Başakşehir Mahallesi, Başakşehir, İstanbul, Marmara Bölgesi, 34480, Türkiye"
2020-07-26 17:00:00,RECEP TAYYİP ERDOĞAN STADYUMU - İSTANBUL,41.032745,28.972365203229973,"Recep Tayyip Erdoğan Stadyumu, Yunus Kaptan Sokağı, Tepebaşı, Çatma Mescit Mahallesi, Beyoğlu, İstanbul, Marmara Bölgesi, 34430, Türkiye"
2020-09-12 17:00:00,ATATÜRK OLİMPİYAT - İSTANBUL,41.0744732,28.76566105174166,"Atatürk Olimpiyat Stadyumu, Olimpiyat Bulvarı, Ziya Gökalp Mahallesi, Başakşehir, İstanbul, Marmara Bölgesi, 34490, Türkiye"
2020-09-19 19:00:00,VODAFONE PARK - İSTANBUL,41.03944355,28.994411799999998,"Vodafone Park, 1, Dolmabahçe Caddesi, Akaretler, Vişnezade Mahallesi, Beşiktaş, İstanbul, Marmara Bölgesi, 34357, Türkiye"
2020-09-20 16:00:00,RECEP TAYYİP ERDOĞAN STADYUMU - İSTANBUL,41.032745,28.972365203229973,"Recep Tayyip Erdoğan Stadyumu, Yunus Kaptan Sokağı, Tepebaşı, Çatma Mescit Mahallesi, Beyoğlu, İstanbul, Marmara Bölgesi, 34430, Türkiye"
2020-09-20 19:00:00,BAŞAKŞEHİR FATİH TERİM - İSTANBUL,41.12280665,28.809385151889188,"İstanbul Başakşehir Fatih Terim Stadyumu, Ordu Caddesi, Başakşehir Mahallesi, Başakşehir, İstanbul, Marmara Bölgesi, 34480, Türkiye"
2020-09-25 20:00:00,ATATÜRK OLİMPİYAT - İSTANBUL,41.0744732,28.76566105174166,"Atatürk Olimpiyat Stadyumu, Olimpiyat Bulvarı, Ziya Gökalp Mahallesi, Başakşehir, İstanbul, Marmara Bölgesi, 34490, Türkiye"
2020-10-03 16:00:00,BAŞAKŞEHİR FATİH TERİM - İSTANBUL,41.12280665,28.809385151889188,"İstanbul Başakşehir Fatih Terim Stadyumu, Ordu Caddesi, Başakşehir Mahallesi, Başakşehir, İstanbul, Marmara Bölgesi, 34480, Türkiye"
2020-10-04 16:00:00,VODAFONE PARK - İSTANBUL,41.03944355,28.994411799999998,"Vodafone Park, 1, Dolmabahçe Caddesi, Akaretler, Vişnezade Mahallesi, Beşiktaş, İstanbul, Marmara Bölgesi, 34357, Türkiye"
2020-10-04 19:00:00,RECEP TAYYİP ERDOĞAN STADYUMU - İSTANBUL,41.032745,28.972365203229973,"Recep Tayyip Erdoğan Stadyumu, Yunus Kaptan Sokağı, Tepebaşı, Çatma Mescit Mahallesi, Beyoğlu, İstanbul, Marmara Bölgesi, 34430, Türkiye"
2020-10-23 20:00:00,RECEP TAYYİP ERDOĞAN STADYUMU - İSTANBUL,41.032745,28.972365203229973,"Recep Tayyip Erdoğan Stadyumu, Yunus Kaptan Sokağı, Tepebaşı, Çatma Mescit Mahallesi, Beyoğlu, İstanbul, Marmara Bölgesi, 34430, Türkiye"
2020-10-24 19:00:00,BAŞAKŞEHİR FATİH TERİM - İSTANBUL,41.12280665,28.809385151889188,"İstanbul Başakşehir Fatih Terim Stadyumu, Ordu Caddesi, Başakşehir Mahallesi, Başakşehir, İstanbul, Marmara Bölgesi, 34480, Türkiye"
2020-10-30 20:00:00,NECMİ KADIOĞLU - İSTANBUL,41.024316999999996,28.69784627663047,"Necmi Kadıoğlu Stadı, Okurlar Caddesi, Yunus Emre Mahallesi, Esenyurt, İstanbul, Marmara Bölgesi, 34510, Türkiye"
2020-11-01 19:00:00,VODAFONE PARK - İSTANBUL,41.03944355,28.994411799999998,"Vodafone Park, 1, Dolmabahçe Caddesi, Akaretler, Vişnezade Mahallesi, Beşiktaş, İstanbul, Marmara Bölgesi, 34357, Türkiye"
2020-11-07 13:30:00,RECEP TAYYİP ERDOĞAN STADYUMU - İSTANBUL,41.032745,28.972365203229973,"Recep Tayyip Erdoğan Stadyumu, Yunus Kaptan Sokağı, Tepebaşı, Çatma Mescit Mahallesi, Beyoğlu, İstanbul, Marmara Bölgesi, 34430, Türkiye"
2020-11-08 16:00:00,BAŞAKŞEHİR FATİH TERİM - İSTANBUL,41.12280665,28.809385151889188,"İstanbul Başakşehir Fatih Terim Stadyumu, Ordu Caddesi, Başakşehir Mahallesi, Başakşehir, İstanbul, Marmara Bölgesi, 34480, Türkiye"
2020-11-21 13:30:00,RECEP TAYYİP ERDOĞAN STADYUMU - İSTANBUL,41.032745,28.972365203229973,"Recep Tayyip Erdoğan Stadyumu, Yunus Kaptan Sokağı, Tepebaşı, Çatma Mescit Mahallesi, Beyoğlu, İstanbul, Marmara Bölgesi, 34430, Türkiye"
2020-11-21 19:00:00,VODAFONE PARK - İSTANBUL,41.03944355,28.994411799999998,"Vodafone Park, 1, Dolmabahçe Caddesi, Akaretler, Vişnezade Mahallesi, Beşiktaş, İstanbul, Marmara Bölgesi, 34357, Türkiye"
2020-11-28 16:00:00,BAŞAKŞEHİR FATİH TERİM - İSTANBUL,41.12280665,28.809385151889188,"İstanbul Başakşehir Fatih Terim Stadyumu, Ordu Caddesi, Başakşehir Mahallesi, Başakşehir, İstanbul, Marmara Bölgesi, 34480, Türkiye"
2020-11-29 16:04:00,RECEP TAYYİP ERDOĞAN STADYUMU - İSTANBUL,41.032745,28.972365203229973,"Recep Tayyip Erdoğan Stadyumu, Yunus Kaptan Sokağı, Tepebaşı, Çatma Mescit Mahallesi, Beyoğlu, İstanbul, Marmara Bölgesi, 34430, Türkiye"
2020-12-04 19:30:00,VODAFONE PARK - İSTANBUL,41.03944355,28.994411799999998,"Vodafone Park, 1, Dolmabahçe Caddesi, Akaretler, Vişnezade Mahallesi, Beşiktaş, İstanbul, Marmara Bölgesi, 34357, Türkiye"
2020-12-06 13:30:00,NECMİ KADIOĞLU - İSTANBUL,41.024316999999996,28.69784627663047,"Necmi Kadıoğlu Stadı, Okurlar Caddesi, Yunus Emre Mahallesi, Esenyurt, İstanbul, Marmara Bölgesi, 34510, Türkiye"
2020-12-11 19:00:00,RECEP TAYYİP ERDOĞAN STADYUMU - İSTANBUL,41.032745,28.972365203229973,"Recep Tayyip Erdoğan Stadyumu, Yunus Kaptan Sokağı, Tepebaşı, Çatma Mescit Mahallesi, Beyoğlu, İstanbul, Marmara Bölgesi, 34430, Türkiye"
2020-12-13 19:00:00,BAŞAKŞEHİR FATİH TERİM - İSTANBUL,41.12280665,28.809385151889188,"İstanbul Başakşehir Fatih Terim Stadyumu, Ordu Caddesi, Başakşehir Mahallesi, Başakşehir, İstanbul, Marmara Bölgesi, 34480, Türkiye"
2020-12-18 19:00:00,NECMİ KADIOĞLU - İSTANBUL,41.024316999999996,28.69784627663047,"Necmi Kadıoğlu Stadı, Okurlar Caddesi, Yunus Emre Mahallesi, Esenyurt, İstanbul, Marmara Bölgesi, 34510, Türkiye"
2020-12-20 19:00:00,VODAFONE PARK - İSTANBUL,41.03944355,28.994411799999998,"Vodafone Park, 1, Dolmabahçe Caddesi, Akaretler, Vişnezade Mahallesi, Beşiktaş, İstanbul, Marmara Bölgesi, 34357, Türkiye"
2020-12-23 19:00:00,RECEP TAYYİP ERDOĞAN STADYUMU - İSTANBUL,41.032745,28.972365203229973,"Recep Tayyip Erdoğan Stadyumu, Yunus Kaptan Sokağı, Tepebaşı, Çatma Mescit Mahallesi, Beyoğlu, İstanbul, Marmara Bölgesi, 34430, Türkiye"
2020-12-27 19:00:00,BAŞAKŞEHİR FATİH TERİM - İSTANBUL,41.12280665,28.809385151889188,"İstanbul Başakşehir Fatih Terim Stadyumu, Ordu Caddesi, Başakşehir Mahallesi, Başakşehir, İstanbul, Marmara Bölgesi, 34480, Türkiye"
2020-12-28 19:00:00,VODAFONE PARK - İSTANBUL,41.03944355,28.994411799999998,"Vodafone Park, 1, Dolmabahçe Caddesi, Akaretler, Vişnezade Mahallesi, Beşiktaş, İstanbul, Marmara Bölgesi, 34357, Türkiye"
2021-01-03 16:00:00,VODAFONE PARK - İSTANBUL,41.03944355,28.994411799999998,"Vodafone Park, 1, Dolmabahçe Caddesi, Akaretler, Vişnezade Mahallesi, Beşiktaş, İstanbul, Marmara Bölgesi, 34357, Türkiye"
2021-01-04 19:00:00,RECEP TAYYİP ERDOĞAN STADYUMU - İSTANBUL,41.032745,28.972365203229973,"Recep Tayyip Erdoğan Stadyumu, Yunus Kaptan Sokağı, Tepebaşı, Çatma Mescit Mahallesi, Beyoğlu, İstanbul, Marmara Bölgesi, 34430, Türkiye"
2021-01-06 16:00:00,BAŞAKŞEHİR FATİH TERİM - İSTANBUL,41.12280665,28.809385151889188,"İstanbul Başakşehir Fatih Terim Stadyumu, Ordu Caddesi, Başakşehir Mahallesi, Başakşehir, İstanbul, Marmara Bölgesi, 34480, Türkiye"
2021-01-06 19:00:00,VODAFONE PARK - İSTANBUL,41.03944355,28.994411799999998,"Vodafone Park, 1, Dolmabahçe Caddesi, Akaretler, Vişnezade Mahallesi, Beşiktaş, İstanbul, Marmara Bölgesi, 34357, Türkiye"
2021-01-16 16:00:00,BAŞAKŞEHİR FATİH TERİM - İSTANBUL,41.12280665,28.809385151889188,"İstanbul Başakşehir Fatih Terim Stadyumu, Ordu Caddesi, Başakşehir Mahallesi, Başakşehir, İstanbul, Marmara Bölgesi, 34480, Türkiye"
2021-01-17 19:00:00,VODAFONE PARK - İSTANBUL,41.03944355,28.994411799999998,"Vodafone Park, 1, Dolmabahçe Caddesi, Akaretler, Vişnezade Mahallesi, Beşiktaş, İstanbul, Marmara Bölgesi, 34357, Türkiye"
2021-01-18 19:00:00,RECEP TAYYİP ERDOĞAN STADYUMU - İSTANBUL,41.032745,28.972365203229973,"Recep Tayyip Erdoğan Stadyumu, Yunus Kaptan Sokağı, Tepebaşı, Çatma Mescit Mahallesi, Beyoğlu, İstanbul, Marmara Bölgesi, 34430, Türkiye"
2021-01-21 16:00:00,ATATÜRK OLİMPİYAT - İSTANBUL,41.0744732,28.76566105174166,"Atatürk Olimpiyat Stadyumu, Olimpiyat Bulvarı, Ziya Gökalp Mahallesi, Başakşehir, İstanbul, Marmara Bölgesi, 34490, Türkiye"
2021-01-23 19:00:00,BAŞAKŞEHİR FATİH TERİM - İSTANBUL,41.12280665,28.809385151889188,"İstanbul Başakşehir Fatih Terim Stadyumu, Ordu Caddesi, Başakşehir Mahallesi, Başakşehir, İstanbul, Marmara Bölgesi, 34480, Türkiye"
2021-01-24 19:00:00,VODAFONE PARK - İSTANBUL,41.03944355,28.994411799999998,"Vodafone Park, 1, Dolmabahçe Caddesi, Akaretler, Vişnezade Mahallesi, Beşiktaş, İstanbul, Marmara Bölgesi, 34357, Türkiye"
2021-01-25 16:00:00,RECEP TAYYİP ERDOĞAN STADYUMU - İSTANBUL,41.032745,28.972365203229973,"Recep Tayyip Erdoğan Stadyumu, Yunus Kaptan Sokağı, Tepebaşı, Çatma Mescit Mahallesi, Beyoğlu, İstanbul, Marmara Bölgesi, 34430, Türkiye"
2021-01-30 13:30:00,RECEP TAYYİP ERDOĞAN STADYUMU - İSTANBUL,41.032745,28.972365203229973,"Recep Tayyip Erdoğan Stadyumu, Yunus Kaptan Sokağı, Tepebaşı, Çatma Mescit Mahallesi, Beyoğlu, İstanbul, Marmara Bölgesi, 34430, Türkiye"
2021-01-30 16:00:00,BAŞAKŞEHİR FATİH TERİM - İSTANBUL,41.12280665,28.809385151889188,"İstanbul Başakşehir Fatih Terim Stadyumu, Ordu Caddesi, Başakşehir Mahallesi, Başakşehir, İstanbul, Marmara Bölgesi, 34480, Türkiye"
2021-01-31 19:00:00,VODAFONE PARK - İSTANBUL,41.03944355,28.994411799999998,"Vodafone Park, 1, Dolmabahçe Caddesi, Akaretler, Vişnezade Mahallesi, Beşiktaş, İstanbul, Marmara Bölgesi, 34357, Türkiye"
2021-02-03 16:00:00,ATATÜRK OLİMPİYAT - İSTANBUL,41.0744732,28.76566105174166,"Atatürk Olimpiyat Stadyumu, Olimpiyat Bulvarı, Ziya Gökalp Mahallesi, Başakşehir, İstanbul, Marmara Bölgesi, 34490, Türkiye"
2021-02-06 13:30:00,RECEP TAYYİP ERDOĞAN STADYUMU - İSTANBUL,41.032745,28.972365203229973,"Recep Tayyip Erdoğan Stadyumu, Yunus Kaptan Sokağı, Tepebaşı, Çatma Mescit Mahallesi, Beyoğlu, İstanbul, Marmara Bölgesi, 34430, Türkiye"
2021-02-06 16:00:00,BAŞAKŞEHİR FATİH TERİM - İSTANBUL,41.12280665,28.809385151889188,"İstanbul Başakşehir Fatih Terim Stadyumu, Ordu Caddesi, Başakşehir Mahallesi, Başakşehir, İstanbul, Marmara Bölgesi, 34480, Türkiye"
2021-02-07 19:00:00,VODAFONE PARK - İSTANBUL,41.03944355,28.994411799999998,"Vodafone Park, 1, Dolmabahçe Caddesi, Akaretler, Vişnezade Mahallesi, Beşiktaş, İstanbul, Marmara Bölgesi, 34357, Türkiye"
2021-02-13 19:00:00,ATATÜRK OLİMPİYAT - İSTANBUL,41.0744732,28.76566105174166,"Atatürk Olimpiyat Stadyumu, Olimpiyat Bulvarı, Ziya Gökalp Mahallesi, Başakşehir, İstanbul, Marmara Bölgesi, 34490, Türkiye"
2021-02-19 19:00:00,BAŞAKŞEHİR FATİH TERİM - İSTANBUL,41.12280665,28.809385151889188,"İstanbul Başakşehir Fatih Terim Stadyumu, Ordu Caddesi, Başakşehir Mahallesi, Başakşehir, İstanbul, Marmara Bölgesi, 34480, Türkiye"
2021-02-20 13:30:00,RECEP TAYYİP ERDOĞAN STADYUMU - İSTANBUL,41.032745,28.972365203229973,"Recep Tayyip Erdoğan Stadyumu, Yunus Kaptan Sokağı, Tepebaşı, Çatma Mescit Mahallesi, Beyoğlu, İstanbul, Marmara Bölgesi, 34430, Türkiye"
2021-02-26 19:00:00,VODAFONE PARK - İSTANBUL,41.03944355,28.994411799999998,"Vodafone Park, 1, Dolmabahçe Caddesi, Akaretler, Vişnezade Mahallesi, Beşiktaş, İstanbul, Marmara Bölgesi, 34357, Türkiye"
2021-02-27 13:30:00,ATATÜRK OLİMPİYAT - İSTANBUL,41.0744732,28.76566105174166,"Atatürk Olimpiyat Stadyumu, Olimpiyat Bulvarı, Ziya Gökalp Mahallesi, Başakşehir, İstanbul, Marmara Bölgesi, 34490, Türkiye"
2021-03-03 16:00:00,BAŞAKŞEHİR FATİH TERİM - İSTANBUL,41.12280665,28.809385151889188,"İstanbul Başakşehir Fatih Terim Stadyumu, Ordu Caddesi, Başakşehir Mahallesi, Başakşehir, İstanbul, Marmara Bölgesi, 34480, Türkiye"
2021-03-04 16:00:00,RECEP TAYYİP ERDOĞAN STADYUMU - İSTANBUL,41.032745,28.972365203229973,"Recep Tayyip Erdoğan Stadyumu, Yunus Kaptan Sokağı, Tepebaşı, Çatma Mescit Mahallesi, Beyoğlu, İstanbul, Marmara Bölgesi, 34430, Türkiye"
2021-03-06 19:00:00,VODAFONE PARK - İSTANBUL,41.03944355,28.994411799999998,"Vodafone Park, 1, Dolmabahçe Caddesi, Akaretler, Vişnezade Mahallesi, Beşiktaş, İstanbul, Marmara Bölgesi, 34357, Türkiye"
2021-03-07 13:30:00,ATATÜRK OLİMPİYAT - İSTANBUL,41.0744732,28.76566105174166,"Atatürk Olimpiyat Stadyumu, Olimpiyat Bulvarı, Ziya Gökalp Mahallesi, Başakşehir, İstanbul, Marmara Bölgesi, 34490, Türkiye"
2021-03-12 19:00:00,BAŞAKŞEHİR FATİH TERİM - İSTANBUL,41.12280665,28.809385151889188,"İstanbul Başakşehir Fatih Terim Stadyumu, Ordu Caddesi, Başakşehir Mahallesi, Başakşehir, İstanbul, Marmara Bölgesi, 34480, Türkiye"
2021-03-15 19:00:00,RECEP TAYYİP ERDOĞAN STADYUMU - İSTANBUL,41.032745,28.972365203229973,"Recep Tayyip Erdoğan Stadyumu, Yunus Kaptan Sokağı, Tepebaşı, Çatma Mescit Mahallesi, Beyoğlu, İstanbul, Marmara Bölgesi, 34430, Türkiye"
2021-03-19 16:00:00,ATATÜRK OLİMPİYAT - İSTANBUL,41.0744732,28.76566105174166,"Atatürk Olimpiyat Stadyumu, Olimpiyat Bulvarı, Ziya Gökalp Mahallesi, Başakşehir, İstanbul, Marmara Bölgesi, 34490, Türkiye"
2021-03-21 19:00:00,VODAFONE PARK - İSTANBUL,41.03944355,28.994411799999998,"Vodafone Park, 1, Dolmabahçe Caddesi, Akaretler, Vişnezade Mahallesi, Beşiktaş, İstanbul, Marmara Bölgesi, 34357, Türkiye"
2021-04-04 16:00:00,BAŞAKŞEHİR FATİH TERİM - İSTANBUL,41.12280665,28.809385151889188,"İstanbul Başakşehir Fatih Terim Stadyumu, Ordu Caddesi, Başakşehir Mahallesi, Başakşehir, İstanbul, Marmara Bölgesi, 34480, Türkiye"
2021-04-04 19:00:00,RECEP TAYYİP ERDOĞAN STADYUMU - İSTANBUL,41.032745,28.972365203229973,"Recep Tayyip Erdoğan Stadyumu, Yunus Kaptan Sokağı, Tepebaşı, Çatma Mescit Mahallesi, Beyoğlu, İstanbul, Marmara Bölgesi, 34430, Türkiye"
2021-04-06 16:00:00,ATATÜRK OLİMPİYAT - İSTANBUL,41.0744732,28.76566105174166,"Atatürk Olimpiyat Stadyumu, Olimpiyat Bulvarı, Ziya Gökalp Mahallesi, Başakşehir, İstanbul, Marmara Bölgesi, 34490, Türkiye"
2021-04-07 19:00:00,VODAFONE PARK - İSTANBUL,41.03944355,28.994411799999998,"Vodafone Park, 1, Dolmabahçe Caddesi, Akaretler, Vişnezade Mahallesi, Beşiktaş, İstanbul, Marmara Bölgesi, 34357, Türkiye"
2021-04-12 16:00:00,RECEP TAYYİP ERDOĞAN STADYUMU - İSTANBUL,41.032745,28.972365203229973,"Recep Tayyip Erdoğan Stadyumu, Yunus Kaptan Sokağı, Tepebaşı, Çatma Mescit Mahallesi, Beyoğlu, İstanbul, Marmara Bölgesi, 34430, Türkiye"
2021-04-16 19:00:00,VODAFONE PARK - İSTANBUL,41.03944355,28.994411799999998,"Vodafone Park, 1, Dolmabahçe Caddesi, Akaretler, Vişnezade Mahallesi, Beşiktaş, İstanbul, Marmara Bölgesi, 34357, Türkiye"
2021-04-18 19:00:00,BAŞAKŞEHİR FATİH TERİM - İSTANBUL,41.12280665,28.809385151889188,"İstanbul Başakşehir Fatih Terim Stadyumu, Ordu Caddesi, Başakşehir Mahallesi, Başakşehir, İstanbul, Marmara Bölgesi, 34480, Türkiye"
2021-04-20 16:00:00,ATATÜRK OLİMPİYAT - İSTANBUL,41.0744732,28.76566105174166,"Atatürk Olimpiyat Stadyumu, Olimpiyat Bulvarı, Ziya Gökalp Mahallesi, Başakşehir, İstanbul, Marmara Bölgesi, 34490, Türkiye"
2021-04-22 19:00:00,RECEP TAYYİP ERDOĞAN STADYUMU - İSTANBUL,41.032745,28.972365203229973,"Recep Tayyip Erdoğan Stadyumu, Yunus Kaptan Sokağı, Tepebaşı, Çatma Mescit Mahallesi, Beyoğlu, İstanbul, Marmara Bölgesi, 34430, Türkiye"
2021-04-24 20:30:00,VODAFONE PARK - İSTANBUL,41.03944355,28.994411799999998,"Vodafone Park, 1, Dolmabahçe Caddesi, Akaretler, Vişnezade Mahallesi, Beşiktaş, İstanbul, Marmara Bölgesi, 34357, Türkiye"
2021-04-25 16:00:00,BAŞAKŞEHİR FATİH TERİM - İSTANBUL,41.12280665,28.809385151889188,"İstanbul Başakşehir Fatih Terim Stadyumu, Ordu Caddesi, Başakşehir Mahallesi, Başakşehir, İstanbul, Marmara Bölgesi, 34480, Türkiye"
2021-05-01 20:30:00,VODAFONE PARK - İSTANBUL,41.03944355,28.994411799999998,"Vodafone Park, 1, Dolmabahçe Caddesi, Akaretler, Vişnezade Mahallesi, Beşiktaş, İstanbul, Marmara Bölgesi, 34357, Türkiye"
2021-05-03 16:00:00,RECEP TAYYİP ERDOĞAN STADYUMU - İSTANBUL,41.032745,28.972365203229973,"Recep Tayyip Erdoğan Stadyumu, Yunus Kaptan Sokağı, Tepebaşı, Çatma Mescit Mahallesi, Beyoğlu, İstanbul, Marmara Bölgesi, 34430, Türkiye"
2021-05-03 16:00:00,BAŞAKŞEHİR FATİH TERİM - İSTANBUL,41.12280665,28.809385151889188,"İstanbul Başakşehir Fatih Terim Stadyumu, Ordu Caddesi, Başakşehir Mahallesi, Başakşehir, İstanbul, Marmara Bölgesi, 34480, Türkiye"
2021-05-08 20:30:00,BAŞAKŞEHİR FATİH TERİM - İSTANBUL,41.12280665,28.809385151889188,"İstanbul Başakşehir Fatih Terim Stadyumu, Ordu Caddesi, Başakşehir Mahallesi, Başakşehir, İstanbul, Marmara Bölgesi, 34480, Türkiye"
2021-05-11 20:30:00,RECEP TAYYİP ERDOĞAN STADYUMU - İSTANBUL,41.032745,28.972365203229973,"Recep Tayyip Erdoğan Stadyumu, Yunus Kaptan Sokağı, Tepebaşı, Çatma Mescit Mahallesi, Beyoğlu, İstanbul, Marmara Bölgesi, 34430, Türkiye"
2021-05-11 20:30:00,VODAFONE PARK - İSTANBUL,41.03944355,28.994411799999998,"Vodafone Park, 1, Dolmabahçe Caddesi, Akaretler, Vişnezade Mahallesi, Beşiktaş, İstanbul, Marmara Bölgesi, 34357, Türkiye"
2021-05-11 20:30:00,BAŞAKŞEHİR FATİH TERİM - İSTANBUL,41.12280665,28.809385151889188,"İstanbul Başakşehir Fatih Terim Stadyumu, Ordu Caddesi, Başakşehir Mahallesi, Başakşehir, İstanbul, Marmara Bölgesi, 34480, Türkiye"
2021-05-15 18:00:00,ATATÜRK OLİMPİYAT - İSTANBUL,41.0744732,28.76566105174166,"Atatürk Olimpiyat Stadyumu, Olimpiyat Bulvarı, Ziya Gökalp Mahallesi, Başakşehir, İstanbul, Marmara Bölgesi, 34490, Türkiye"
2021-08-13 20:30:00,VODAFONE PARK - İSTANBUL,41.03944355,28.994411799999998,"Vodafone Park, 1, Dolmabahçe Caddesi, Akaretler, Vişnezade Mahallesi, Beşiktaş, İstanbul, Marmara Bölgesi, 34357, Türkiye"
2021-08-14 19:15:00,ATATÜRK OLİMPİYAT - İSTANBUL,41.0744732,28.76566105174166,"Atatürk Olimpiyat Stadyumu, Olimpiyat Bulvarı, Ziya Gökalp Mahallesi, Başakşehir, İstanbul, Marmara Bölgesi, 34490, Türkiye"
2021-08-15 19:15:00,BAŞAKŞEHİR FATİH TERİM - İSTANBUL,41.12280665,28.809385151889188,"İstanbul Başakşehir Fatih Terim Stadyumu, Ordu Caddesi, Başakşehir Mahallesi, Başakşehir, İstanbul, Marmara Bölgesi, 34480, Türkiye"
2021-08-21 19:15:00,RECEP TAYYİP ERDOĞAN STADYUMU - İSTANBUL,41.032745,28.972365203229973,"Recep Tayyip Erdoğan Stadyumu, Yunus Kaptan Sokağı, Tepebaşı, Çatma Mescit Mahallesi, Beyoğlu, İstanbul, Marmara Bölgesi, 34430, Türkiye"
2021-08-23 21:45:00,ATATÜRK OLİMPİYAT - İSTANBUL,41.0744732,28.76566105174166,"Atatürk Olimpiyat Stadyumu, Olimpiyat Bulvarı, Ziya Gökalp Mahallesi, Başakşehir, İstanbul, Marmara Bölgesi, 34490, Türkiye"
2021-08-28 19:15:00,BAŞAKŞEHİR FATİH TERİM - İSTANBUL,41.12280665,28.809385151889188,"İstanbul Başakşehir Fatih Terim Stadyumu, Ordu Caddesi, Başakşehir Mahallesi, Başakşehir, İstanbul, Marmara Bölgesi, 34480, Türkiye"
2021-08-28 21:45:00,VODAFONE PARK - İSTANBUL,41.03944355,28.994411799999998,"Vodafone Park, 1, Dolmabahçe Caddesi, Akaretler, Vişnezade Mahallesi, Beşiktaş, İstanbul, Marmara Bölgesi, 34357, Türkiye"
2021-08-29 19:15:00,RECEP TAYYİP ERDOĞAN STADYUMU - İSTANBUL,41.032745,28.972365203229973,"Recep Tayyip Erdoğan Stadyumu, Yunus Kaptan Sokağı, Tepebaşı, Çatma Mescit Mahallesi, Beyoğlu, İstanbul, Marmara Bölgesi, 34430, Türkiye"
2021-09-11 17:00:00,ATATÜRK OLİMPİYAT - İSTANBUL,41.0744732,28.76566105174166,"Atatürk Olimpiyat Stadyumu, Olimpiyat Bulvarı, Ziya Gökalp Mahallesi, Başakşehir, İstanbul, Marmara Bölgesi, 34490, Türkiye"
2021-09-11 20:00:00,VODAFONE PARK - İSTANBUL,41.03944355,28.994411799999998,"Vodafone Park, 1, Dolmabahçe Caddesi, Akaretler, Vişnezade Mahallesi, Beşiktaş, İstanbul, Marmara Bölgesi, 34357, Türkiye"
2021-09-18 16:00:00,RECEP TAYYİP ERDOĞAN STADYUMU - İSTANBUL,41.032745,28.972365203229973,"Recep Tayyip Erdoğan Stadyumu, Yunus Kaptan Sokağı, Tepebaşı, Çatma Mescit Mahallesi, Beyoğlu, İstanbul, Marmara Bölgesi, 34430, Türkiye"
2021-09-19 19:00:00,BAŞAKŞEHİR FATİH TERİM - İSTANBUL,41.12280665,28.809385151889188,"İstanbul Başakşehir Fatih Terim Stadyumu, Ordu Caddesi, Başakşehir Mahallesi, Başakşehir, İstanbul, Marmara Bölgesi, 34480, Türkiye"
2021-09-21 17:00:00,ATATÜRK OLİMPİYAT - İSTANBUL,41.0744732,28.76566105174166,"Atatürk Olimpiyat Stadyumu, Olimpiyat Bulvarı, Ziya Gökalp Mahallesi, Başakşehir, İstanbul, Marmara Bölgesi, 34490, Türkiye"
2021-09-21 20:00:00,VODAFONE PARK - İSTANBUL,41.03944355,28.994411799999998,"Vodafone Park, 1, Dolmabahçe Caddesi, Akaretler, Vişnezade Mahallesi, Beşiktaş, İstanbul, Marmara Bölgesi, 34357, Türkiye"
2021-09-26 16:00:00,BAŞAKŞEHİR FATİH TERİM - İSTANBUL,41.12280665,28.809385151889188,"İstanbul Başakşehir Fatih Terim Stadyumu, Ordu Caddesi, Başakşehir Mahallesi, Başakşehir, İstanbul, Marmara Bölgesi, 34480, Türkiye"
2021-09-27 20:00:00,RECEP TAYYİP ERDOĞAN STADYUMU - İSTANBUL,41.032745,28.972365203229973,"Recep Tayyip Erdoğan Stadyumu, Yunus Kaptan Sokağı, Tepebaşı, Çatma Mescit Mahallesi, Beyoğlu, İstanbul, Marmara Bölgesi, 34430, Türkiye"
2021-10-01 20:00:00,ATATÜRK OLİMPİYAT - İSTANBUL,41.0744732,28.76566105174166,"Atatürk Olimpiyat Stadyumu, Olimpiyat Bulvarı, Ziya Gökalp Mahallesi, Başakşehir, İstanbul, Marmara Bölgesi, 34490, Türkiye"
2021-10-02 19:00:00,VODAFONE PARK - İSTANBUL,41.03944355,28.994411799999998,"Vodafone Park, 1, Dolmabahçe Caddesi, Akaretler, Vişnezade Mahallesi, Beşiktaş, İstanbul, Marmara Bölgesi, 34357, Türkiye"
2021-10-15 20:00:00,BAŞAKŞEHİR FATİH TERİM - İSTANBUL,41.12280665,28.809385151889188,"İstanbul Başakşehir Fatih Terim Stadyumu, Ordu Caddesi, Başakşehir Mahallesi, Başakşehir, İstanbul, Marmara Bölgesi, 34480, Türkiye"
2021-10-17 13:30:00,RECEP TAYYİP ERDOĞAN STADYUMU - İSTANBUL,41.032745,28.972365203229973,"Recep Tayyip Erdoğan Stadyumu, Yunus Kaptan Sokağı, Tepebaşı, Çatma Mescit Mahallesi, Beyoğlu, İstanbul, Marmara Bölgesi, 34430, Türkiye"
2021-10-17 16:00:00,NEF STADYUMU - ISTANBUL,41.10342555,28.99103795029205,"Nef Stadyumu, Metin Oktay Caddesi, Huzur Mahallesi, Sarıyer, İstanbul, Marmara Bölgesi, 34485, Türkiye"
2021-10-24 13:30:00,ATATÜRK OLİMPİYAT - İSTANBUL,41.0744732,28.76566105174166,"Atatürk Olimpiyat Stadyumu, Olimpiyat Bulvarı, Ziya Gökalp Mahallesi, Başakşehir, İstanbul, Marmara Bölgesi, 34490, Türkiye"
2021-10-25 20:00:00,VODAFONE PARK - İSTANBUL,41.03944355,28.994411799999998,"Vodafone Park, 1, Dolmabahçe Caddesi, Akaretler, Vişnezade Mahallesi, Beşiktaş, İstanbul, Marmara Bölgesi, 34357, Türkiye"
2021-10-30 13:30:00,RECEP TAYYİP ERDOĞAN STADYUMU - İSTANBUL,41.032745,28.972365203229973,"Recep Tayyip Erdoğan Stadyumu, Yunus Kaptan Sokağı, Tepebaşı, Çatma Mescit Mahallesi, Beyoğlu, İstanbul, Marmara Bölgesi, 34430, Türkiye"
2021-10-31 19:00:00,NEF STADYUMU - ISTANBUL,41.10342555,28.99103795029205,"Nef Stadyumu, Metin Oktay Caddesi, Huzur Mahallesi, Sarıyer, İstanbul, Marmara Bölgesi, 34485, Türkiye"
2021-11-01 20:00:00,BAŞAKŞEHİR FATİH TERİM - İSTANBUL,41.12280665,28.809385151889188,"İstanbul Başakşehir Fatih Terim Stadyumu, Ordu Caddesi, Başakşehir Mahallesi, Başakşehir, İstanbul, Marmara Bölgesi, 34480, Türkiye"
2021-11-06 19:00:00,VODAFONE PARK - İSTANBUL,41.03944355,28.994411799999998,"Vodafone Park, 1, Dolmabahçe Caddesi, Akaretler, Vişnezade Mahallesi, Beşiktaş, İstanbul, Marmara Bölgesi, 34357, Türkiye"
2021-11-07 16:00:00,ATATÜRK OLİMPİYAT - İSTANBUL,41.0744732,28.76566105174166,"Atatürk Olimpiyat Stadyumu, Olimpiyat Bulvarı, Ziya Gökalp Mahallesi, Başakşehir, İstanbul, Marmara Bölgesi, 34490, Türkiye"
2021-11-20 16:00:00,BAŞAKŞEHİR FATİH TERİM - İSTANBUL,41.12280665,28.809385151889188,"İstanbul Başakşehir Fatih Terim Stadyumu, Ordu Caddesi, Başakşehir Mahallesi, Başakşehir, İstanbul, Marmara Bölgesi, 34480, Türkiye"
2021-11-21 13:30:00,RECEP TAYYİP ERDOĞAN STADYUMU - İSTANBUL,41.032745,28.972365203229973,"Recep Tayyip Erdoğan Stadyumu, Yunus Kaptan Sokağı, Tepebaşı, Çatma Mescit Mahallesi, Beyoğlu, İstanbul, Marmara Bölgesi, 34430, Türkiye"
2021-11-21 19:00:00,NEF STADYUMU - ISTANBUL,41.10342555,28.99103795029205,"Nef Stadyumu, Metin Oktay Caddesi, Huzur Mahallesi, Sarıyer, İstanbul, Marmara Bölgesi, 34485, Türkiye"
2021-11-26 20:00:00,BAŞAKŞEHİR FATİH TERİM - İSTANBUL,41.12280665,28.809385151889188,"İstanbul Başakşehir Fatih Terim Stadyumu, Ordu Caddesi, Başakşehir Mahallesi, Başakşehir, İstanbul, Marmara Bölgesi, 34480, Türkiye"
2021-11-27 19:00:00,VODAFONE PARK - İSTANBUL,41.03944355,28.994411799999998,"Vodafone Park, 1, Dolmabahçe Caddesi, Akaretler, Vişnezade Mahallesi, Beşiktaş, İstanbul, Marmara Bölgesi, 34357, Türkiye"
2021-11-28 16:00:00,ATATÜRK OLİMPİYAT - İSTANBUL,41.0744732,28.76566105174166,"Atatürk Olimpiyat Stadyumu, Olimpiyat Bulvarı, Ziya Gökalp Mahallesi, Başakşehir, İstanbul, Marmara Bölgesi, 34490, Türkiye"
2021-12-03 20:00:00,RECEP TAYYİP ERDOĞAN STADYUMU - İSTANBUL,41.032745,28.972365203229973,"Recep Tayyip Erdoğan Stadyumu, Yunus Kaptan Sokağı, Tepebaşı, Çatma Mescit Mahallesi, Beyoğlu, İstanbul, Marmara Bölgesi, 34430, Türkiye"
2021-12-04 19:00:00,NEF STADYUMU - ISTANBUL,41.10342555,28.99103795029205,"Nef Stadyumu, Metin Oktay Caddesi, Huzur Mahallesi, Sarıyer, İstanbul, Marmara Bölgesi, 34485, Türkiye"
2021-12-11 13:30:00,ATATÜRK OLİMPİYAT - İSTANBUL,41.0744732,28.76566105174166,"Atatürk Olimpiyat Stadyumu, Olimpiyat Bulvarı, Ziya Gökalp Mahallesi, Başakşehir, İstanbul, Marmara Bölgesi, 34490, Türkiye"
2021-12-11 16:00:00,BAŞAKŞEHİR FATİH TERİM - İSTANBUL,41.12280665,28.809385151889188,"İstanbul Başakşehir Fatih Terim Stadyumu, Ordu Caddesi, Başakşehir Mahallesi, Başakşehir, İstanbul, Marmara Bölgesi, 34480, Türkiye"
2021-12-12 19:00:00,VODAFONE PARK - İSTANBUL,41.03944355,28.994411799999998,"Vodafone Park, 1, Dolmabahçe Caddesi, Akaretler, Vişnezade Mahallesi, Beşiktaş, İstanbul, Marmara Bölgesi, 34357, Türkiye"
2021-12-18 13:30:00,RECEP TAYYİP ERDOĞAN STADYUMU - İSTANBUL,41.032745,28.972365203229973,"Recep Tayyip Erdoğan Stadyumu, Yunus Kaptan Sokağı, Tepebaşı, Çatma Mescit Mahallesi, Beyoğlu, İstanbul, Marmara Bölgesi, 34430, Türkiye"
2021-12-18 19:00:00,NEF STADYUMU - ISTANBUL,41.10342555,28.99103795029205,"Nef Stadyumu, Metin Oktay Caddesi, Huzur Mahallesi, Sarıyer, İstanbul, Marmara Bölgesi, 34485, Türkiye"
2021-12-21 17:00:00,BAŞAKŞEHİR FATİH TERİM - İSTANBUL,41.12280665,28.809385151889188,"İstanbul Başakşehir Fatih Terim Stadyumu, Ordu Caddesi, Başakşehir Mahallesi, Başakşehir, İstanbul, Marmara Bölgesi, 34480, Türkiye"
2021-12-22 20:00:00,ATATÜRK OLİMPİYAT - İSTANBUL,41.0744732,28.76566105174166,"Atatürk Olimpiyat Stadyumu, Olimpiyat Bulvarı, Ziya Gökalp Mahallesi, Başakşehir, İstanbul, Marmara Bölgesi, 34490, Türkiye"
2021-12-23 20:00:00,VODAFONE PARK - İSTANBUL,41.03944355,28.994411799999998,"Vodafone Park, 1, Dolmabahçe Caddesi, Akaretler, Vişnezade Mahallesi, Beşiktaş, İstanbul, Marmara Bölgesi, 34357, Türkiye"
2021-12-25 13:30:00,RECEP TAYYİP ERDOĞAN STADYUMU - İSTANBUL,41.032745,28.972365203229973,"Recep Tayyip Erdoğan Stadyumu, Yunus Kaptan Sokağı, Tepebaşı, Çatma Mescit Mahallesi, Beyoğlu, İstanbul, Marmara Bölgesi, 34430, Türkiye"
2021-12-25 16:00:00,NEF STADYUMU - ISTANBUL,41.10342555,28.99103795029205,"Nef Stadyumu, Metin Oktay Caddesi, Huzur Mahallesi, Sarıyer, İstanbul, Marmara Bölgesi, 34485, Türkiye"
2022-01-08 16:00:00,RECEP TAYYİP ERDOĞAN STADYUMU - İSTANBUL,41.032745,28.972365203229973,"Recep Tayyip Erdoğan Stadyumu, Yunus Kaptan Sokağı, Tepebaşı, Çatma Mescit Mahallesi, Beyoğlu, İstanbul, Marmara Bölgesi, 34430, Türkiye"
2022-01-08 19:00:00,NEF STADYUMU - ISTANBUL,41.10342555,28.99103795029205,"Nef Stadyumu, Metin Oktay Caddesi, Huzur Mahallesi, Sarıyer, İstanbul, Marmara Bölgesi, 34485, Türkiye"
2022-01-14 20:00:00,VODAFONE PARK - İSTANBUL,41.03944355,28.994411799999998,"Vodafone Park, 1, Dolmabahçe Caddesi, Akaretler, Vişnezade Mahallesi, Beşiktaş, İstanbul, Marmara Bölgesi, 34357, Türkiye"
2022-01-15 16:00:00,ATATÜRK OLİMPİYAT - İSTANBUL,41.0744732,28.76566105174166,"Atatürk Olimpiyat Stadyumu, Olimpiyat Bulvarı, Ziya Gökalp Mahallesi, Başakşehir, İstanbul, Marmara Bölgesi, 34490, Türkiye"
2022-01-18 20:00:00,ATATÜRK OLİMPİYAT - İSTANBUL,41.0744732,28.76566105174166,"Atatürk Olimpiyat Stadyumu, Olimpiyat Bulvarı, Ziya Gökalp Mahallesi, Başakşehir, İstanbul, Marmara Bölgesi, 34490, Türkiye"
2022-01-20 20:00:00,NEF STADYUMU - ISTANBUL,41.10342555,28.99103795029205,"Nef Stadyumu, Metin Oktay Caddesi, Huzur Mahallesi, Sarıyer, İstanbul, Marmara Bölgesi, 34485, Türkiye"
2022-01-22 19:00:00,BAŞAKŞEHİR FATİH TERİM - İSTANBUL,41.12280665,28.809385151889188,"İstanbul Başakşehir Fatih Terim Stadyumu, Ordu Caddesi, Başakşehir Mahallesi, Başakşehir, İstanbul, Marmara Bölgesi, 34480, Türkiye"
2022-01-23 13:30:00,RECEP TAYYİP ERDOĞAN STADYUMU - İSTANBUL,41.032745,28.972365203229973,"Recep Tayyip Erdoğan Stadyumu, Yunus Kaptan Sokağı, Tepebaşı, Çatma Mescit Mahallesi, Beyoğlu, İstanbul, Marmara Bölgesi, 34430, Türkiye"
2022-01-23 19:00:00,NEF STADYUMU - ISTANBUL,41.10342555,28.99103795029205,"Nef Stadyumu, Metin Oktay Caddesi, Huzur Mahallesi, Sarıyer, İstanbul, Marmara Bölgesi, 34485, Türkiye"
2022-02-05 16:00:00,ATATÜRK OLİMPİYAT - İSTANBUL,41.0744732,28.76566105174166,"Atatürk Olimpiyat Stadyumu, Olimpiyat Bulvarı, Ziya Gökalp Mahallesi, Başakşehir, İstanbul, Marmara Bölgesi, 34490, Türkiye"
2022-02-06 19:00:00,VODAFONE PARK - İSTANBUL,41.03944355,28.994411799999998,"Vodafone Park, 1, Dolmabahçe Caddesi, Akaretler, Vişnezade Mahallesi, Beşiktaş, İstanbul, Marmara Bölgesi, 34357, Türkiye"
2022-02-12 16:00:00,BAŞAKŞEHİR FATİH TERİM - İSTANBUL,41.12280665,28.809385151889188,"İstanbul Başakşehir Fatih Terim Stadyumu, Ordu Caddesi, Başakşehir Mahallesi, Başakşehir, İstanbul, Marmara Bölgesi, 34480, Türkiye"
2022-02-12 19:00:00,NEF STADYUMU - ISTANBUL,41.10342555,28.99103795029205,"Nef Stadyumu, Metin Oktay Caddesi, Huzur Mahallesi, Sarıyer, İstanbul, Marmara Bölgesi, 34485, Türkiye"
2022-02-13 19:00:00,RECEP TAYYİP ERDOĞAN STADYUMU - İSTANBUL,41.032745,28.972365203229973,"Recep Tayyip Erdoğan Stadyumu, Yunus Kaptan Sokağı, Tepebaşı, Çatma Mescit Mahallesi, Beyoğlu, İstanbul, Marmara Bölgesi, 34430, Türkiye"
2022-02-19 19:00:00,VODAFONE PARK - İSTANBUL,41.03944355,28.994411799999998,"Vodafone Park, 1, Dolmabahçe Caddesi, Akaretler, Vişnezade Mahallesi, Beşiktaş, İstanbul, Marmara Bölgesi, 34357, Türkiye"
2022-02-20 16:00:00,ATATÜRK OLİMPİYAT - İSTANBUL,41.0744732,28.76566105174166,"Atatürk Olimpiyat Stadyumu, Olimpiyat Bulvarı, Ziya Gökalp Mahallesi, Başakşehir, İstanbul, Marmara Bölgesi, 34490, Türkiye"
2022-02-22 20:00:00,BAŞAKŞEHİR FATİH TERİM - İSTANBUL,41.12280665,28.809385151889188,"İstanbul Başakşehir Fatih Terim Stadyumu, Ordu Caddesi, Başakşehir Mahallesi, Başakşehir, İstanbul, Marmara Bölgesi, 34480, Türkiye"
2022-02-26 16:00:00,BAŞAKŞEHİR FATİH TERİM - İSTANBUL,41.12280665,28.809385151889188,"İstanbul Başakşehir Fatih Terim Stadyumu, Ordu Caddesi, Başakşehir Mahallesi, Başakşehir, İstanbul, Marmara Bölgesi, 34480, Türkiye"
2022-02-27 19:00:00,NEF STADYUMU - ISTANBUL,41.10342555,28.99103795029205,"Nef Stadyumu, Metin Oktay Caddesi, Huzur Mahallesi, Sarıyer, İstanbul, Marmara Bölgesi, 34485, Türkiye"
2022-02-28 20:00:00,RECEP TAYYİP ERDOĞAN STADYUMU - İSTANBUL,41.032745,28.972365203229973,"Recep Tayyip Erdoğan Stadyumu, Yunus Kaptan Sokağı, Tepebaşı, Çatma Mescit Mahallesi, Beyoğlu, İstanbul, Marmara Bölgesi, 34430, Türkiye"
2022-03-06 16:00:00,ATATÜRK OLİMPİYAT - İSTANBUL,41.0744732,28.76566105174166,"Atatürk Olimpiyat Stadyumu, Olimpiyat Bulvarı, Ziya Gökalp Mahallesi, Başakşehir, İstanbul, Marmara Bölgesi, 34490, Türkiye"
2022-03-07 20:00:00,VODAFONE PARK - İSTANBUL,41.03944355,28.994411799999998,"Vodafone Park, 1, Dolmabahçe Caddesi, Akaretler, Vişnezade Mahallesi, Beşiktaş, İstanbul, Marmara Bölgesi, 34357, Türkiye"
2022-03-12 16:00:00,RECEP TAYYİP ERDOĞAN STADYUMU - İSTANBUL,41.032745,28.972365203229973,"Recep Tayyip Erdoğan Stadyumu, Yunus Kaptan Sokağı, Tepebaşı, Çatma Mescit Mahallesi, Beyoğlu, İstanbul, Marmara Bölgesi, 34430, Türkiye"
2022-03-14 16:00:00,BAŞAKŞEHİR FATİH TERİM - İSTANBUL,41.12280665,28.809385151889188,"İstanbul Başakşehir Fatih Terim Stadyumu, Ordu Caddesi, Başakşehir Mahallesi, Başakşehir, İstanbul, Marmara Bölgesi, 34480, Türkiye"
2022-03-14 20:00:00,NEF STADYUMU - ISTANBUL,41.10342555,28.99103795029205,"Nef Stadyumu, Metin Oktay Caddesi, Huzur Mahallesi, Sarıyer, İstanbul, Marmara Bölgesi, 34485, Türkiye"
2022-03-18 20:00:00,ATATÜRK OLİMPİYAT - İSTANBUL,41.0744732,28.76566105174166,"Atatürk Olimpiyat Stadyumu, Olimpiyat Bulvarı, Ziya Gökalp Mahallesi, Başakşehir, İstanbul, Marmara Bölgesi, 34490, Türkiye"
2022-03-19 19:00:00,VODAFONE PARK - İSTANBUL,41.03944355,28.994411799999998,"Vodafone Park, 1, Dolmabahçe Caddesi, Akaretler, Vişnezade Mahallesi, Beşiktaş, İstanbul, Marmara Bölgesi, 34357, Türkiye"
2022-04-02 20:30:00,NEF STADYUMU - ISTANBUL,41.10342555,28.99103795029205,"Nef Stadyumu, Metin Oktay Caddesi, Huzur Mahallesi, Sarıyer, İstanbul, Marmara Bölgesi, 34485, Türkiye"
2022-04-03 13:30:00,RECEP TAYYİP ERDOĞAN STADYUMU - İSTANBUL,41.032745,28.972365203229973,"Recep Tayyip Erdoğan Stadyumu, Yunus Kaptan Sokağı, Tepebaşı, Çatma Mescit Mahallesi, Beyoğlu, İstanbul, Marmara Bölgesi, 34430, Türkiye"
2022-04-04 20:30:00,BAŞAKŞEHİR FATİH TERİM - İSTANBUL,41.12280665,28.809385151889188,"İstanbul Başakşehir Fatih Terim Stadyumu, Ordu Caddesi, Başakşehir Mahallesi, Başakşehir, İstanbul, Marmara Bölgesi, 34480, Türkiye"
2022-04-09 13:30:00,ATATÜRK OLİMPİYAT - İSTANBUL,41.0744732,28.76566105174166,"Atatürk Olimpiyat Stadyumu, Olimpiyat Bulvarı, Ziya Gökalp Mahallesi, Başakşehir, İstanbul, Marmara Bölgesi, 34490, Türkiye"
2022-04-09 20:30:00,VODAFONE PARK - İSTANBUL,41.03944355,28.994411799999998,"Vodafone Park, 1, Dolmabahçe Caddesi, Akaretler, Vişnezade Mahallesi, Beşiktaş, İstanbul, Marmara Bölgesi, 34357, Türkiye"
2022-04-17 16:00:00,RECEP TAYYİP ERDOĞAN STADYUMU - İSTANBUL,41.032745,28.972365203229973,"Recep Tayyip Erdoğan Stadyumu, Yunus Kaptan Sokağı, Tepebaşı, Çatma Mescit Mahallesi, Beyoğlu, İstanbul, Marmara Bölgesi, 34430, Türkiye"
2022-04-18 20:30:00,NEF STADYUMU - ISTANBUL,41.10342555,28.99103795029205,"Nef Stadyumu, Metin Oktay Caddesi, Huzur Mahallesi, Sarıyer, İstanbul, Marmara Bölgesi, 34485, Türkiye"
2022-04-23 16:00:00,ATATÜRK OLİMPİYAT - İSTANBUL,41.0744732,28.76566105174166,"Atatürk Olimpiyat Stadyumu, Olimpiyat Bulvarı, Ziya Gökalp Mahallesi, Başakşehir, İstanbul, Marmara Bölgesi, 34490, Türkiye"
2022-04-24 16:00:00,BAŞAKŞEHİR FATİH TERİM - İSTANBUL,41.12280665,28.809385151889188,"İstanbul Başakşehir Fatih Terim Stadyumu, Ordu Caddesi, Başakşehir Mahallesi, Başakşehir, İstanbul, Marmara Bölgesi, 34480, Türkiye"
2022-04-25 20:30:00,VODAFONE PARK - İSTANBUL,41.03944355,28.994411799999998,"Vodafone Park, 1, Dolmabahçe Caddesi, Akaretler, Vişnezade Mahallesi, Beşiktaş, İstanbul, Marmara Bölgesi, 34357, Türkiye"
2022-04-30 16:00:00,RECEP TAYYİP ERDOĞAN STADYUMU - İSTANBUL,41.032745,28.972365203229973,"Recep Tayyip Erdoğan Stadyumu, Yunus Kaptan Sokağı, Tepebaşı, Çatma Mescit Mahallesi, Beyoğlu, İstanbul, Marmara Bölgesi, 34430, Türkiye"
2022-05-01 20:30:00,NEF STADYUMU - ISTANBUL,41.10342555,28.99103795029205,"Nef Stadyumu, Metin Oktay Caddesi, Huzur Mahallesi, Sarıyer, İstanbul, Marmara Bölgesi, 34485, Türkiye"
2022-05-07 16:00:00,ATATÜRK OLİMPİYAT - İSTANBUL,41.0744732,28.76566105174166,"Atatürk Olimpiyat Stadyumu, Olimpiyat Bulvarı, Ziya Gökalp Mahallesi, Başakşehir, İstanbul, Marmara Bölgesi, 34490, Türkiye"
2022-05-07 19:00:00,BAŞAKŞEHİR FATİH TERİM - İSTANBUL,41.12280665,28.809385151889188,"İstanbul Başakşehir Fatih Terim Stadyumu, Ordu Caddesi, Başakşehir Mahallesi, Başakşehir, İstanbul, Marmara Bölgesi, 34480, Türkiye"
2022-05-08 19:00:00,VODAFONE PARK - İSTANBUL,41.03944355,28.994411799999998,"Vodafone Park, 1, Dolmabahçe Caddesi, Akaretler, Vişnezade Mahallesi, Beşiktaş, İstanbul, Marmara Bölgesi, 34357, Türkiye"
2022-05-15 16:00:00,ATATÜRK OLİMPİYAT - İSTANBUL,41.0744732,28.76566105174166,"Atatürk Olimpiyat Stadyumu, Olimpiyat Bulvarı, Ziya Gökalp Mahallesi, Başakşehir, İstanbul, Marmara Bölgesi, 34490, Türkiye"
2022-05-15 19:00:00,RECEP TAYYİP ERDOĞAN STADYUMU - İSTANBUL,41.032745,28.972365203229973,"Recep Tayyip Erdoğan Stadyumu, Yunus Kaptan Sokağı, Tepebaşı, Çatma Mescit Mahallesi, Beyoğlu, İstanbul, Marmara Bölgesi, 34430, Türkiye"
2022-05-16 20:00:00,NEF STADYUMU - ISTANBUL,41.10342555,28.99103795029205,"Nef Stadyumu, Metin Oktay Caddesi, Huzur Mahallesi, Sarıyer, İstanbul, Marmara Bölgesi, 34485, Türkiye"
2022-05-21 19:00:00,VODAFONE PARK - İSTANBUL,41.03944355,28.994411799999998,"Vodafone Park, 1, Dolmabahçe Caddesi, Akaretler, Vişnezade Mahallesi, Beşiktaş, İstanbul, Marmara Bölgesi, 34357, Türkiye"
2022-05-22 16:00:00,BAŞAKŞEHİR FATİH TERİM - İSTANBUL,41.12280665,28.809385151889188,"İstanbul Başakşehir Fatih Terim Stadyumu, Ordu Caddesi, Başakşehir Mahallesi, Başakşehir, İstanbul, Marmara Bölgesi, 34480, Türkiye"
2022-05-22 16:00:00,ATATÜRK OLİMPİYAT - İSTANBUL,41.0744732,28.76566105174166,"Atatürk Olimpiyat Stadyumu, Olimpiyat Bulvarı, Ziya Gökalp Mahallesi, Başakşehir, İstanbul, Marmara Bölgesi, 34490, Türkiye"
2022-08-05 21:00:00,ATATÜRK OLİMPİYAT - İSTANBUL,41.0744732,28.76566105174166,"Atatürk Olimpiyat Stadyumu, Olimpiyat Bulvarı, Ziya Gökalp Mahallesi, Başakşehir, İstanbul, Marmara Bölgesi, 34490, Türkiye"
2022-08-06 21:45:00,VODAFONE PARK - İSTANBUL,41.03944355,28.994411799999998,"Vodafone Park, 1, Dolmabahçe Caddesi, Akaretler, Vişnezade Mahallesi, Beşiktaş, İstanbul, Marmara Bölgesi, 34357, Türkiye"
2022-08-07 19:15:00,ATATÜRK OLİMPİYAT - İSTANBUL,41.0744732,28.76566105174166,"Atatürk Olimpiyat Stadyumu, Olimpiyat Bulvarı, Ziya Gökalp Mahallesi, Başakşehir, İstanbul, Marmara Bölgesi, 34490, Türkiye"
2022-08-08 19:15:00,BAŞAKŞEHİR FATİH TERİM - İSTANBUL,41.12280665,28.809385151889188,"İstanbul Başakşehir Fatih Terim Stadyumu, Ordu Caddesi, Başakşehir Mahallesi, Başakşehir, İstanbul, Marmara Bölgesi, 34480, Türkiye"
2022-08-13 21:45:00,NEF STADYUMU - ISTANBUL,41.10342555,28.99103795029205,"Nef Stadyumu, Metin Oktay Caddesi, Huzur Mahallesi, Sarıyer, İstanbul, Marmara Bölgesi, 34485, Türkiye"
2022-08-14 19:15:00,ATATÜRK OLİMPİYAT - İSTANBUL,41.0744732,28.76566105174166,"Atatürk Olimpiyat Stadyumu, Olimpiyat Bulvarı, Ziya Gökalp Mahallesi, Başakşehir, İstanbul, Marmara Bölgesi, 34490, Türkiye"
2022-08-15 21:45:00,RECEP TAYYİP ERDOĞAN STADYUMU - İSTANBUL,41.032745,28.972365203229973,"Recep Tayyip Erdoğan Stadyumu, Yunus Kaptan Sokağı, Tepebaşı, Çatma Mescit Mahallesi, Beyoğlu, İstanbul, Marmara Bölgesi, 34430, Türkiye"
2022-08-19 21:00:00,ATATÜRK OLİMPİYAT - İSTANBUL,41.0744732,28.76566105174166,"Atatürk Olimpiyat Stadyumu, Olimpiyat Bulvarı, Ziya Gökalp Mahallesi, Başakşehir, İstanbul, Marmara Bölgesi, 34490, Türkiye"
2022-08-21 19:15:00,BAŞAKŞEHİR FATİH TERİM - İSTANBUL,41.12280665,28.809385151889188,"İstanbul Başakşehir Fatih Terim Stadyumu, Ordu Caddesi, Başakşehir Mahallesi, Başakşehir, İstanbul, Marmara Bölgesi, 34480, Türkiye"
2022-08-21 21:45:00,VODAFONE PARK - İSTANBUL,41.03944355,28.994411799999998,"Vodafone Park, 1, Dolmabahçe Caddesi, Akaretler, Vişnezade Mahallesi, Beşiktaş, İstanbul, Marmara Bölgesi, 34357, Türkiye"
2022-08-22 19:15:00,NECMİ KADIOĞLU - İSTANBUL,41.024316999999996,28.69784627663047,"Necmi Kadıoğlu Stadı, Okurlar Caddesi, Yunus Emre Mahallesi, Esenyurt, İstanbul, Marmara Bölgesi, 34510, Türkiye"
2022-08-27 19:15:00,ATATÜRK OLİMPİYAT - İSTANBUL,41.0744732,28.76566105174166,"Atatürk Olimpiyat Stadyumu, Olimpiyat Bulvarı, Ziya Gökalp Mahallesi, Başakşehir, İstanbul, Marmara Bölgesi, 34490, Türkiye"
2022-08-28 19:15:00,RECEP TAYYİP ERDOĞAN STADYUMU - İSTANBUL,41.032745,28.972365203229973,"Recep Tayyip Erdoğan Stadyumu, Yunus Kaptan Sokağı, Tepebaşı, Çatma Mescit Mahallesi, Beyoğlu, İstanbul, Marmara Bölgesi, 34430, Türkiye"
2022-08-29 21:45:00,VODAFONE PARK - İSTANBUL,41.03944355,28.994411799999998,"Vodafone Park, 1, Dolmabahçe Caddesi, Akaretler, Vişnezade Mahallesi, Beşiktaş, İstanbul, Marmara Bölgesi, 34357, Türkiye"
2022-09-02 21:00:00,RECEP TAYYİP ERDOĞAN STADYUMU - İSTANBUL,41.032745,28.972365203229973,"Recep Tayyip Erdoğan Stadyumu, Yunus Kaptan Sokağı, Tepebaşı, Çatma Mescit Mahallesi, Beyoğlu, İstanbul, Marmara Bölgesi, 34430, Türkiye"
2022-09-03 19:15:00,BAŞAKŞEHİR FATİH TERİM - İSTANBUL,41.12280665,28.809385151889188,"İstanbul Başakşehir Fatih Terim Stadyumu, Ordu Caddesi, Başakşehir Mahallesi, Başakşehir, İstanbul, Marmara Bölgesi, 34480, Türkiye"
2022-09-05 21:00:00,NEF STADYUMU - ISTANBUL,41.10342555,28.99103795029205,"Nef Stadyumu, Metin Oktay Caddesi, Huzur Mahallesi, Sarıyer, İstanbul, Marmara Bölgesi, 34485, Türkiye"
2022-09-10 20:00:00,ATATÜRK OLİMPİYAT - İSTANBUL,41.0744732,28.76566105174166,"Atatürk Olimpiyat Stadyumu, Olimpiyat Bulvarı, Ziya Gökalp Mahallesi, Başakşehir, İstanbul, Marmara Bölgesi, 34490, Türkiye"
2022-09-11 20:00:00,RECEP TAYYİP ERDOĞAN STADYUMU - İSTANBUL,41.032745,28.972365203229973,"Recep Tayyip Erdoğan Stadyumu, Yunus Kaptan Sokağı, Tepebaşı, Çatma Mescit Mahallesi, Beyoğlu, İstanbul, Marmara Bölgesi, 34430, Türkiye"
2022-09-12 19:00:00,VODAFONE PARK - İSTANBUL,41.03944355,28.994411799999998,"Vodafone Park, 1, Dolmabahçe Caddesi, Akaretler, Vişnezade Mahallesi, Beşiktaş, İstanbul, Marmara Bölgesi, 34357, Türkiye"
2022-09-16 20:00:00,NEF STADYUMU - ISTANBUL,41.10342555,28.99103795029205,"Nef Stadyumu, Metin Oktay Caddesi, Huzur Mahallesi, Sarıyer, İstanbul, Marmara Bölgesi, 34485, Türkiye"
2022-09-17 17:00:00,NECMİ KADIOĞLU - İSTANBUL,41.024316999999996,28.69784627663047,"Necmi Kadıoğlu Stadı, Okurlar Caddesi, Yunus Emre Mahallesi, Esenyurt, İstanbul, Marmara Bölgesi, 34510, Türkiye"
2022-09-17 20:00:00,ATATÜRK OLİMPİYAT - İSTANBUL,41.0744732,28.76566105174166,"Atatürk Olimpiyat Stadyumu, Olimpiyat Bulvarı, Ziya Gökalp Mahallesi, Başakşehir, İstanbul, Marmara Bölgesi, 34490, Türkiye"
2022-09-18 17:00:00,BAŞAKŞEHİR FATİH TERİM - İSTANBUL,41.12280665,28.809385151889188,"İstanbul Başakşehir Fatih Terim Stadyumu, Ordu Caddesi, Başakşehir Mahallesi, Başakşehir, İstanbul, Marmara Bölgesi, 34480, Türkiye"
2022-10-01 14:30:00,RECEP TAYYİP ERDOĞAN STADYUMU - İSTANBUL,41.032745,28.972365203229973,"Recep Tayyip Erdoğan Stadyumu, Yunus Kaptan Sokağı, Tepebaşı, Çatma Mescit Mahallesi, Beyoğlu, İstanbul, Marmara Bölgesi, 34430, Türkiye"
2022-10-02 20:00:00,VODAFONE PARK - İSTANBUL,41.03944355,28.994411799999998,"Vodafone Park, 1, Dolmabahçe Caddesi, Akaretler, Vişnezade Mahallesi, Beşiktaş, İstanbul, Marmara Bölgesi, 34357, Türkiye"
2022-10-03 20:00:00,ATATÜRK OLİMPİYAT - İSTANBUL,41.0744732,28.76566105174166,"Atatürk Olimpiyat Stadyumu, Olimpiyat Bulvarı, Ziya Gökalp Mahallesi, Başakşehir, İstanbul, Marmara Bölgesi, 34490, Türkiye"
2022-10-08 14:30:00,NECMİ KADIOĞLU - İSTANBUL,41.024316999999996,28.69784627663047,"Necmi Kadıoğlu Stadı, Okurlar Caddesi, Yunus Emre Mahallesi, Esenyurt, İstanbul, Marmara Bölgesi, 34510, Türkiye"
2022-10-09 14:30:00,ATATÜRK OLİMPİYAT - İSTANBUL,41.0744732,28.76566105174166,"Atatürk Olimpiyat Stadyumu, Olimpiyat Bulvarı, Ziya Gökalp Mahallesi, Başakşehir, İstanbul, Marmara Bölgesi, 34490, Türkiye"
2022-10-10 20:00:00,BAŞAKŞEHİR FATİH TERİM - İSTANBUL,41.12280665,28.809385151889188,"İstanbul Başakşehir Fatih Terim Stadyumu, Ordu Caddesi, Başakşehir Mahallesi, Başakşehir, İstanbul, Marmara Bölgesi, 34480, Türkiye"
2022-10-15 14:30:00,NECMİ KADIOĞLU - İSTANBUL,41.024316999999996,28.69784627663047,"Necmi Kadıoğlu Stadı, Okurlar Caddesi, Yunus Emre Mahallesi, Esenyurt, İstanbul, Marmara Bölgesi, 34510, Türkiye"
2022-10-15 17:00:00,RECEP TAYYİP ERDOĞAN STADYUMU - İSTANBUL,41.032745,28.972365203229973,"Recep Tayyip Erdoğan Stadyumu, Yunus Kaptan Sokağı, Tepebaşı, Çatma Mescit Mahallesi, Beyoğlu, İstanbul, Marmara Bölgesi, 34430, Türkiye"
2022-10-16 17:00:00,BAŞAKŞEHİR FATİH TERİM - İSTANBUL,41.12280665,28.809385151889188,"İstanbul Başakşehir Fatih Terim Stadyumu, Ordu Caddesi, Başakşehir Mahallesi, Başakşehir, İstanbul, Marmara Bölgesi, 34480, Türkiye"
2022-10-16 20:00:00,VODAFONE PARK - İSTANBUL,41.03944355,28.994411799999998,"Vodafone Park, 1, Dolmabahçe Caddesi, Akaretler, Vişnezade Mahallesi, Beşiktaş, İstanbul, Marmara Bölgesi, 34357, Türkiye"
2022-10-22 14:30:00,ÜMRANİYE STADYUMU - İSTANBUL,41.05876215,29.109408924397407,"Ümraniye Şehir Stadyumu, Semerkant Sokağı, Hekimbaşı Mahallesi, Ümraniye, İstanbul, Marmara Bölgesi, 34766, Türkiye"
2022-10-23 14:30:00,RECEP TAYYİP ERDOĞAN STADYUMU - İSTANBUL,41.032745,28.972365203229973,"Recep Tayyip Erdoğan Stadyumu, Yunus Kaptan Sokağı, Tepebaşı, Çatma Mescit Mahallesi, Beyoğlu, İstanbul, Marmara Bölgesi, 34430, Türkiye"
2022-10-23 20:00:00,NEF STADYUMU - ISTANBUL,41.10342555,28.99103795029205,"Nef Stadyumu, Metin Oktay Caddesi, Huzur Mahallesi, Sarıyer, İstanbul, Marmara Bölgesi, 34485, Türkiye"
2022-10-28 20:00:00,ATATÜRK OLİMPİYAT - İSTANBUL,41.0744732,28.76566105174166,"Atatürk Olimpiyat Stadyumu, Olimpiyat Bulvarı, Ziya Gökalp Mahallesi, Başakşehir, İstanbul, Marmara Bölgesi, 34490, Türkiye"
2022-10-30 17:00:00,VODAFONE PARK - İSTANBUL,41.03944355,28.994411799999998,"Vodafone Park, 1, Dolmabahçe Caddesi, Akaretler, Vişnezade Mahallesi, Beşiktaş, İstanbul, Marmara Bölgesi, 34357, Türkiye"
2022-10-30 20:00:00,ATATÜRK OLİMPİYAT - İSTANBUL,41.0744732,28.76566105174166,"Atatürk Olimpiyat Stadyumu, Olimpiyat Bulvarı, Ziya Gökalp Mahallesi, Başakşehir, İstanbul, Marmara Bölgesi, 34490, Türkiye"
2022-10-31 20:00:00,BAŞAKŞEHİR FATİH TERİM - İSTANBUL,41.12280665,28.809385151889188,"İstanbul Başakşehir Fatih Terim Stadyumu, Ordu Caddesi, Başakşehir Mahallesi, Başakşehir, İstanbul, Marmara Bölgesi, 34480, Türkiye"
2022-11-04 20:00:00,RECEP TAYYİP ERDOĞAN STADYUMU - İSTANBUL,41.032745,28.972365203229973,"Recep Tayyip Erdoğan Stadyumu, Yunus Kaptan Sokağı, Tepebaşı, Çatma Mescit Mahallesi, Beyoğlu, İstanbul, Marmara Bölgesi, 34430, Türkiye"
2022-11-04 20:00:00,ÜMRANİYE STADYUMU - İSTANBUL,41.05876215,29.109408924397407,"Ümraniye Şehir Stadyumu, Semerkant Sokağı, Hekimbaşı Mahallesi, Ümraniye, İstanbul, Marmara Bölgesi, 34766, Türkiye"
2022-11-05 20:00:00,NEF STADYUMU - ISTANBUL,41.10342555,28.99103795029205,"Nef Stadyumu, Metin Oktay Caddesi, Huzur Mahallesi, Sarıyer, İstanbul, Marmara Bölgesi, 34485, Türkiye"
2022-11-12 20:00:00,BAŞAKŞEHİR FATİH TERİM - İSTANBUL,41.12280665,28.809385151889188,"İstanbul Başakşehir Fatih Terim Stadyumu, Ordu Caddesi, Başakşehir Mahallesi, Başakşehir, İstanbul, Marmara Bölgesi, 34480, Türkiye"
2022-11-13 14:30:00,ATATÜRK OLİMPİYAT - İSTANBUL,41.0744732,28.76566105174166,"Atatürk Olimpiyat Stadyumu, Olimpiyat Bulvarı, Ziya Gökalp Mahallesi, Başakşehir, İstanbul, Marmara Bölgesi, 34490, Türkiye"
2022-11-13 17:00:00,NECMİ KADIOĞLU - İSTANBUL,41.024316999999996,28.69784627663047,"Necmi Kadıoğlu Stadı, Okurlar Caddesi, Yunus Emre Mahallesi, Esenyurt, İstanbul, Marmara Bölgesi, 34510, Türkiye"
2022-12-23 20:00:00,ÜMRANİYE STADYUMU - İSTANBUL,41.05876215,29.109408924397407,"Ümraniye Şehir Stadyumu, Semerkant Sokağı, Hekimbaşı Mahallesi, Ümraniye, İstanbul, Marmara Bölgesi, 34766, Türkiye"
2022-12-24 16:00:00,RECEP TAYYİP ERDOĞAN STADYUMU - İSTANBUL,41.032745,28.972365203229973,"Recep Tayyip Erdoğan Stadyumu, Yunus Kaptan Sokağı, Tepebaşı, Çatma Mescit Mahallesi, Beyoğlu, İstanbul, Marmara Bölgesi, 34430, Türkiye"
2022-12-25 19:00:00,NEF STADYUMU - ISTANBUL,41.10342555,28.99103795029205,"Nef Stadyumu, Metin Oktay Caddesi, Huzur Mahallesi, Sarıyer, İstanbul, Marmara Bölgesi, 34485, Türkiye"
2022-12-27 17:00:00,BAŞAKŞEHİR FATİH TERİM - İSTANBUL,41.12280665,28.809385151889188,"İstanbul Başakşehir Fatih Terim Stadyumu, Ordu Caddesi, Başakşehir Mahallesi, Başakşehir, İstanbul, Marmara Bölgesi, 34480, Türkiye"
2022-12-28 17:00:00,NECMİ KADIOĞLU - İSTANBUL,41.024316999999996,28.69784627663047,"Necmi Kadıoğlu Stadı, Okurlar Caddesi, Yunus Emre Mahallesi, Esenyurt, İstanbul, Marmara Bölgesi, 34510, Türkiye"
2022-12-28 20:00:00,ATATÜRK OLİMPİYAT - İSTANBUL,41.0744732,28.76566105174166,"Atatürk Olimpiyat Stadyumu, Olimpiyat Bulvarı, Ziya Gökalp Mahallesi, Başakşehir, İstanbul, Marmara Bölgesi, 34490, Türkiye"
2022-12-29 20:00:00,VODAFONE PARK - İSTANBUL,41.03944355,28.994411799999998,"Vodafone Park, 1, Dolmabahçe Caddesi, Akaretler, Vişnezade Mahallesi, Beşiktaş, İstanbul, Marmara Bölgesi, 34357, Türkiye"
2023-01-03 17:00:00,ÜMRANİYE STADYUMU - İSTANBUL,41.05876215,29.109408924397407,"Ümraniye Şehir Stadyumu, Semerkant Sokağı, Hekimbaşı Mahallesi, Ümraniye, İstanbul, Marmara Bölgesi, 34766, Türkiye"
2023-01-04 17:00:00,RECEP TAYYİP ERDOĞAN STADYUMU - İSTANBUL,41.032745,28.972365203229973,"Recep Tayyip Erdoğan Stadyumu, Yunus Kaptan Sokağı, Tepebaşı, Çatma Mescit Mahallesi, Beyoğlu, İstanbul, Marmara Bölgesi, 34430, Türkiye"
2023-01-04 20:00:00,NEF STADYUMU - ISTANBUL,41.10342555,28.99103795029205,"Nef Stadyumu, Metin Oktay Caddesi, Huzur Mahallesi, Sarıyer, İstanbul, Marmara Bölgesi, 34485, Türkiye"
2023-01-07 19:00:00,VODAFONE PARK - İSTANBUL,41.03944355,28.994411799999998,"Vodafone Park, 1, Dolmabahçe Caddesi, Akaretler, Vişnezade Mahallesi, Beşiktaş, İstanbul, Marmara Bölgesi, 34357, Türkiye"
2023-01-08 13:30:00,ATATÜRK OLİMPİYAT - İSTANBUL,41.0744732,28.76566105174166,"Atatürk Olimpiyat Stadyumu, Olimpiyat Bulvarı, Ziya Gökalp Mahallesi, Başakşehir, İstanbul, Marmara Bölgesi, 34490, Türkiye"
2023-01-09 17:00:00,BAŞAKŞEHİR FATİH TERİM - İSTANBUL,41.12280665,28.809385151889188,"İstanbul Başakşehir Fatih Terim Stadyumu, Ordu Caddesi, Başakşehir Mahallesi, Başakşehir, İstanbul, Marmara Bölgesi, 34480, Türkiye"
2023-01-09 20:00:00,NECMİ KADIOĞLU - İSTANBUL,41.024316999999996,28.69784627663047,"Necmi Kadıoğlu Stadı, Okurlar Caddesi, Yunus Emre Mahallesi, Esenyurt, İstanbul, Marmara Bölgesi, 34510, Türkiye"
2023-01-13 20:00:00,NEF STADYUMU - ISTANBUL,41.10342555,28.99103795029205,"Nef Stadyumu, Metin Oktay Caddesi, Huzur Mahallesi, Sarıyer, İstanbul, Marmara Bölgesi, 34485, Türkiye"
2023-01-15 13:30:00,ÜMRANİYE STADYUMU - İSTANBUL,41.05876215,29.109408924397407,"Ümraniye Şehir Stadyumu, Semerkant Sokağı, Hekimbaşı Mahallesi, Ümraniye, İstanbul, Marmara Bölgesi, 34766, Türkiye"
2023-01-15 16:00:00,RECEP TAYYİP ERDOĞAN STADYUMU - İSTANBUL,41.032745,28.972365203229973,"Recep Tayyip Erdoğan Stadyumu, Yunus Kaptan Sokağı, Tepebaşı, Çatma Mescit Mahallesi, Beyoğlu, İstanbul, Marmara Bölgesi, 34430, Türkiye"
2023-01-21 16:00:00,RECEP TAYYİP ERDOĞAN STADYUMU - İSTANBUL,41.032745,28.972365203229973,"Recep Tayyip Erdoğan Stadyumu, Yunus Kaptan Sokağı, Tepebaşı, Çatma Mescit Mahallesi, Beyoğlu, İstanbul, Marmara Bölgesi, 34430, Türkiye"
2023-01-21 19:00:00,NEF STADYUMU - ISTANBUL,41.10342555,28.99103795029205,"Nef Stadyumu, Metin Oktay Caddesi, Huzur Mahallesi, Sarıyer, İstanbul, Marmara Bölgesi, 34485, Türkiye"
2023-01-23 20:00:00,ÜMRANİYE STADYUMU - İSTANBUL,41.05876215,29.109408924397407,"Ümraniye Şehir Stadyumu, Semerkant Sokağı, Hekimbaşı Mahallesi, Ümraniye, İstanbul, Marmara Bölgesi, 34766, Türkiye"
2023-01-27 20:00:00,VODAFONE PARK - İSTANBUL,41.03944355,28.994411799999998,"Vodafone Park, 1, Dolmabahçe Caddesi, Akaretler, Vişnezade Mahallesi, Beşiktaş, İstanbul, Marmara Bölgesi, 34357, Türkiye"
2023-01-29 13:30:00,NECMİ KADIOĞLU - İSTANBUL,41.024316999999996,28.69784627663047,"Necmi Kadıoğlu Stadı, Okurlar Caddesi, Yunus Emre Mahallesi, Esenyurt, İstanbul, Marmara Bölgesi, 34510, Türkiye"
2023-01-29 19:00:00,BAŞAKŞEHİR FATİH TERİM - İSTANBUL,41.12280665,28.809385151889188,"İstanbul Başakşehir Fatih Terim Stadyumu, Ordu Caddesi, Başakşehir Mahallesi, Başakşehir, İstanbul, Marmara Bölgesi, 34480, Türkiye"
2023-01-31 20:00:00,ATATÜRK OLİMPİYAT - İSTANBUL,41.0744732,28.76566105174166,"Atatürk Olimpiyat Stadyumu, Olimpiyat Bulvarı, Ziya Gökalp Mahallesi, Başakşehir, İstanbul, Marmara Bölgesi, 34490, Türkiye"
2023-02-01 17:00:00,RECEP TAYYİP ERDOĞAN STADYUMU - İSTANBUL,41.032745,28.972365203229973,"Recep Tayyip Erdoğan Stadyumu, Yunus Kaptan Sokağı, Tepebaşı, Çatma Mescit Mahallesi, Beyoğlu, İstanbul, Marmara Bölgesi, 34430, Türkiye"
2023-02-01 20:00:00,NEF STADYUMU - ISTANBUL,41.10342555,28.99103795029205,"Nef Stadyumu, Metin Oktay Caddesi, Huzur Mahallesi, Sarıyer, İstanbul, Marmara Bölgesi, 34485, Türkiye"
2023-02-05 13:30:00,NECMİ KADIOĞLU - İSTANBUL,41.024316999999996,28.69784627663047,"Necmi Kadıoğlu Stadı, Okurlar Caddesi, Yunus Emre Mahallesi, Esenyurt, İstanbul, Marmara Bölgesi, 34510, Türkiye"
2023-02-05 19:00:00,NEF STADYUMU - ISTANBUL,41.10342555,28.99103795029205,"Nef Stadyumu, Metin Oktay Caddesi, Huzur Mahallesi, Sarıyer, İstanbul, Marmara Bölgesi, 34485, Türkiye"
2023-02-26 16:00:00,ÜMRANİYE STADYUMU - İSTANBUL,41.05876215,29.109408924397407,"Ümraniye Şehir Stadyumu, Semerkant Sokağı, Hekimbaşı Mahallesi, Ümraniye, İstanbul, Marmara Bölgesi, 34766, Türkiye"
2023-02-26 19:00:00,VODAFONE PARK - İSTANBUL,41.03944355,28.994411799999998,"Vodafone Park, 1, Dolmabahçe Caddesi, Akaretler, Vişnezade Mahallesi, Beşiktaş, İstanbul, Marmara Bölgesi, 34357, Türkiye"
2023-03-04 13:30:00,ATATÜRK OLİMPİYAT - İSTANBUL,41.0744732,28.76566105174166,"Atatürk Olimpiyat Stadyumu, Olimpiyat Bulvarı, Ziya Gökalp Mahallesi, Başakşehir, İstanbul, Marmara Bölgesi, 34490, Türkiye"
2023-03-05 19:00:00,VODAFONE PARK - İSTANBUL,41.03944355,28.994411799999998,"Vodafone Park, 1, Dolmabahçe Caddesi, Akaretler, Vişnezade Mahallesi, Beşiktaş, İstanbul, Marmara Bölgesi, 34357, Türkiye"
2023-03-06 20:00:00,RECEP TAYYİP ERDOĞAN STADYUMU - İSTANBUL,41.032745,28.972365203229973,"Recep Tayyip Erdoğan Stadyumu, Yunus Kaptan Sokağı, Tepebaşı, Çatma Mescit Mahallesi, Beyoğlu, İstanbul, Marmara Bölgesi, 34430, Türkiye"
2023-03-11 19:00:00,NEF STADYUMU - ISTANBUL,41.10342555,28.99103795029205,"Nef Stadyumu, Metin Oktay Caddesi, Huzur Mahallesi, Sarıyer, İstanbul, Marmara Bölgesi, 34485, Türkiye"
2023-03-12 00:00:00,ÜMRANİYE STADYUMU - İSTANBUL,41.05876215,29.109408924397407,"Ümraniye Şehir Stadyumu, Semerkant Sokağı, Hekimbaşı Mahallesi, Ümraniye, İstanbul, Marmara Bölgesi, 34766, Türkiye"
2023-03-12 19:00:00,BAŞAKŞEHİR FATİH TERİM - İSTANBUL,41.12280665,28.809385151889188,"İstanbul Başakşehir Fatih Terim Stadyumu, Ordu Caddesi, Başakşehir Mahallesi, Başakşehir, İstanbul, Marmara Bölgesi, 34480, Türkiye"
2023-03-13 20:00:00,NECMİ KADIOĞLU - İSTANBUL,41.024316999999996,28.69784627663047,"Necmi Kadıoğlu Stadı, Okurlar Caddesi, Yunus Emre Mahallesi, Esenyurt, İstanbul, Marmara Bölgesi, 34510, Türkiye"
2023-03-18 13:30:00,RECEP TAYYİP ERDOĞAN STADYUMU - İSTANBUL,41.032745,28.972365203229973,"Recep Tayyip Erdoğan Stadyumu, Yunus Kaptan Sokağı, Tepebaşı, Çatma Mescit Mahallesi, Beyoğlu, İstanbul, Marmara Bölgesi, 34430, Türkiye"
2023-03-18 19:00:00,VODAFONE PARK - İSTANBUL,41.03944355,28.994411799999998,"Vodafone Park, 1, Dolmabahçe Caddesi, Akaretler, Vişnezade Mahallesi, Beşiktaş, İstanbul, Marmara Bölgesi, 34357, Türkiye"
2023-03-19 16:00:00,ATATÜRK OLİMPİYAT - İSTANBUL,41.0744732,28.76566105174166,"Atatürk Olimpiyat Stadyumu, Olimpiyat Bulvarı, Ziya Gökalp Mahallesi, Başakşehir, İstanbul, Marmara Bölgesi, 34490, Türkiye"
2023-04-01 16:00:00,BAŞAKŞEHİR FATİH TERİM - İSTANBUL,41.12280665,28.809385151889188,"İstanbul Başakşehir Fatih Terim Stadyumu, Ordu Caddesi, Başakşehir Mahallesi, Başakşehir, İstanbul, Marmara Bölgesi, 34480, Türkiye"
2023-04-01 20:30:00,NEF STADYUMU - ISTANBUL,41.10342555,28.99103795029205,"Nef Stadyumu, Metin Oktay Caddesi, Huzur Mahallesi, Sarıyer, İstanbul, Marmara Bölgesi, 34485, Türkiye"
2023-04-02 13:30:00,ÜMRANİYE STADYUMU - İSTANBUL,41.05876215,29.109408924397407,"Ümraniye Şehir Stadyumu, Semerkant Sokağı, Hekimbaşı Mahallesi, Ümraniye, İstanbul, Marmara Bölgesi, 34766, Türkiye"
2023-04-03 20:30:00,NECMİ KADIOĞLU - İSTANBUL,41.024316999999996,28.69784627663047,"Necmi Kadıoğlu Stadı, Okurlar Caddesi, Yunus Emre Mahallesi, Esenyurt, İstanbul, Marmara Bölgesi, 34510, Türkiye"
2023-04-08 20:30:00,RECEP TAYYİP ERDOĞAN STADYUMU - İSTANBUL,41.032745,28.972365203229973,"Recep Tayyip Erdoğan Stadyumu, Yunus Kaptan Sokağı, Tepebaşı, Çatma Mescit Mahallesi, Beyoğlu, İstanbul, Marmara Bölgesi, 34430, Türkiye"
2023-04-09 20:30:00,VODAFONE PARK - İSTANBUL,41.03944355,28.994411799999998,"Vodafone Park, 1, Dolmabahçe Caddesi, Akaretler, Vişnezade Mahallesi, Beşiktaş, İstanbul, Marmara Bölgesi, 34357, Türkiye"
2023-04-10 20:30:00,ATATÜRK OLİMPİYAT - İSTANBUL,41.0744732,28.76566105174166,"Atatürk Olimpiyat Stadyumu, Olimpiyat Bulvarı, Ziya Gökalp Mahallesi, Başakşehir, İstanbul, Marmara Bölgesi, 34490, Türkiye"
2023-04-14 20:30:00,NEF STADYUMU - ISTANBUL,41.10342555,28.99103795029205,"Nef Stadyumu, Metin Oktay Caddesi, Huzur Mahallesi, Sarıyer, İstanbul, Marmara Bölgesi, 34485, Türkiye"
2023-04-15 16:00:00,NECMİ KADIOĞLU - İSTANBUL,41.024316999999996,28.69784627663047,"Necmi Kadıoğlu Stadı, Okurlar Caddesi, Yunus Emre Mahallesi, Esenyurt, İstanbul, Marmara Bölgesi, 34510, Türkiye"
2023-04-18 20:30:00,ATATÜRK OLİMPİYAT - İSTANBUL,41.0744732,28.76566105174166,"Atatürk Olimpiyat Stadyumu, Olimpiyat Bulvarı, Ziya Gökalp Mahallesi, Başakşehir, İstanbul, Marmara Bölgesi, 34490, Türkiye"
2023-04-19 00:00:00,VODAFONE PARK - İSTANBUL,41.03944355,28.994411799999998,"Vodafone Park, 1, Dolmabahçe Caddesi, Akaretler, Vişnezade Mahallesi, Beşiktaş, İstanbul, Marmara Bölgesi, 34357, Türkiye"
2023-04-19 17:00:00,NECMİ KADIOĞLU - İSTANBUL,41.024316999999996,28.69784627663047,"Necmi Kadıoğlu Stadı, Okurlar Caddesi, Yunus Emre Mahallesi, Esenyurt, İstanbul, Marmara Bölgesi, 34510, Türkiye"
2023-04-19 20:30:00,BAŞAKŞEHİR FATİH TERİM - İSTANBUL,41.12280665,28.809385151889188,"İstanbul Başakşehir Fatih Terim Stadyumu, Ordu Caddesi, Başakşehir Mahallesi, Başakşehir, İstanbul, Marmara Bölgesi, 34480, Türkiye"
2023-04-22 19:00:00,ÜMRANİYE STADYUMU - İSTANBUL,41.05876215,29.109408924397407,"Ümraniye Şehir Stadyumu, Semerkant Sokağı, Hekimbaşı Mahallesi, Ümraniye, İstanbul, Marmara Bölgesi, 34766, Türkiye"
2023-04-23 13:30:00,RECEP TAYYİP ERDOĞAN STADYUMU - İSTANBUL,41.032745,28.972365203229973,"Recep Tayyip Erdoğan Stadyumu, Yunus Kaptan Sokağı, Tepebaşı, Çatma Mescit Mahallesi, Beyoğlu, İstanbul, Marmara Bölgesi, 34430, Türkiye"
2023-04-23 19:00:00,NEF STADYUMU - ISTANBUL,41.10342555,28.99103795029205,"Nef Stadyumu, Metin Oktay Caddesi, Huzur Mahallesi, Sarıyer, İstanbul, Marmara Bölgesi, 34485, Türkiye"
2023-04-29 16:00:00,ATATÜRK OLİMPİYAT - İSTANBUL,41.0744732,28.76566105174166,"Atatürk Olimpiyat Stadyumu, Olimpiyat Bulvarı, Ziya Gökalp Mahallesi, Başakşehir, İstanbul, Marmara Bölgesi, 34490, Türkiye"
2023-04-30 19:00:00,VODAFONE PARK - İSTANBUL,41.03944355,28.994411799999998,"Vodafone Park, 1, Dolmabahçe Caddesi, Akaretler, Vişnezade Mahallesi, Beşiktaş, İstanbul, Marmara Bölgesi, 34357, Türkiye"
2023-05-01 20:00:00,NECMİ KADIOĞLU - İSTANBUL,41.024316999999996,28.69784627663047,"Necmi Kadıoğlu Stadı, Okurlar Caddesi, Yunus Emre Mahallesi, Esenyurt, İstanbul, Marmara Bölgesi, 34510, Türkiye"
2023-05-07 13:30:00,ÜMRANİYE STADYUMU - İSTANBUL,41.05876215,29.109408924397407,"Ümraniye Şehir Stadyumu, Semerkant Sokağı, Hekimbaşı Mahallesi, Ümraniye, İstanbul, Marmara Bölgesi, 34766, Türkiye"
2023-05-08 20:00:00,NEF STADYUMU - ISTANBUL,41.10342555,28.99103795029205,"Nef Stadyumu, Metin Oktay Caddesi, Huzur Mahallesi, Sarıyer, İstanbul, Marmara Bölgesi, 34485, Türkiye"
2023-05-16 20:00:00,RECEP TAYYİP ERDOĞAN STADYUMU - İSTANBUL,41.032745,28.972365203229973,"Recep Tayyip Erdoğan Stadyumu, Yunus Kaptan Sokağı, Tepebaşı, Çatma Mescit Mahallesi, Beyoğlu, İstanbul, Marmara Bölgesi, 34430, Türkiye"
2023-05-17 00:00:00,VODAFONE PARK - İSTANBUL,41.03944355,28.994411799999998,"Vodafone Park, 1, Dolmabahçe Caddesi, Akaretler, Vişnezade Mahallesi, Beşiktaş, İstanbul, Marmara Bölgesi, 34357, Türkiye"
2023-05-17 17:00:00,BAŞAKŞEHİR FATİH TERİM - İSTANBUL,41.12280665,28.809385151889188,"İstanbul Başakşehir Fatih Terim Stadyumu, Ordu Caddesi, Başakşehir Mahallesi, Başakşehir, İstanbul, Marmara Bölgesi, 34480, Türkiye"
2023-05-17 20:00:00,VODAFONE PARK - İSTANBUL,41.03944355,28.994411799999998,"Vodafone Park, 1, Dolmabahçe Caddesi, Akaretler, Vişnezade Mahallesi, Beşiktaş, İstanbul, Marmara Bölgesi, 34357, Türkiye"
2023-05-20 16:00:00,RECEP TAYYİP ERDOĞAN STADYUMU - İSTANBUL,41.032745,28.972365203229973,"Recep Tayyip Erdoğan Stadyumu, Yunus Kaptan Sokağı, Tepebaşı, Çatma Mescit Mahallesi, Beyoğlu, İstanbul, Marmara Bölgesi, 34430, Türkiye"
2023-05-20 19:00:00,NEF STADYUMU - ISTANBUL,41.10342555,28.99103795029205,"Nef Stadyumu, Metin Oktay Caddesi, Huzur Mahallesi, Sarıyer, İstanbul, Marmara Bölgesi, 34485, Türkiye"
2023-05-21 16:00:00,ÜMRANİYE STADYUMU - İSTANBUL,41.05876215,29.109408924397407,"Ümraniye Şehir Stadyumu, Semerkant Sokağı, Hekimbaşı Mahallesi, Ümraniye, İstanbul, Marmara Bölgesi, 34766, Türkiye"
2023-05-30 20:00:00,NECMİ KADIOĞLU - İSTANBUL,41.024316999999996,28.69784627663047,"Necmi Kadıoğlu Stadı, Okurlar Caddesi, Yunus Emre Mahallesi, Esenyurt, İstanbul, Marmara Bölgesi, 34510, Türkiye"
2023-05-30 20:00:00,BAŞAKŞEHİR FATİH TERİM - İSTANBUL,41.12280665,28.809385151889188,"İstanbul Başakşehir Fatih Terim Stadyumu, Ordu Caddesi, Başakşehir Mahallesi, Başakşehir, İstanbul, Marmara Bölgesi, 34480, Türkiye"
2023-06-03 19:00:00,RECEP TAYYİP ERDOĞAN STADYUMU - İSTANBUL,41.032745,28.972365203229973,"Recep Tayyip Erdoğan Stadyumu, Yunus Kaptan Sokağı, Tepebaşı, Çatma Mescit Mahallesi, Beyoğlu, İstanbul, Marmara Bölgesi, 34430, Türkiye"
2023-06-03 19:00:00,ÜMRANİYE STADYUMU - İSTANBUL,41.05876215,29.109408924397407,"Ümraniye Şehir Stadyumu, Semerkant Sokağı, Hekimbaşı Mahallesi, Ümraniye, İstanbul, Marmara Bölgesi, 34766, Türkiye"
2023-06-04 19:00:00,NEF STADYUMU - ISTANBUL,41.10342555,28.99103795029205,"Nef Stadyumu, Metin Oktay Caddesi, Huzur Mahallesi, Sarıyer, İstanbul, Marmara Bölgesi, 34485, Türkiye"
2023-06-06 17:00:00,NEF STADYUMU - ISTANBUL,41.10342555,28.99103795029205,"Nef Stadyumu, Metin Oktay Caddesi, Huzur Mahallesi, Sarıyer, İstanbul, Marmara Bölgesi, 34485, Türkiye"
2023-06-07 20:00:00,NECMİ KADIOĞLU - İSTANBUL,41.024316999999996,28.69784627663047,"Necmi Kadıoğlu Stadı, Okurlar Caddesi, Yunus Emre Mahallesi, Esenyurt, İstanbul, Marmara Bölgesi, 34510, Türkiye"
2023-06-07 20:00:00,VODAFONE PARK - İSTANBUL,41.03944355,28.994411799999998,"Vodafone Park, 1, Dolmabahçe Caddesi, Akaretler, Vişnezade Mahallesi, Beşiktaş, İstanbul, Marmara Bölgesi, 34357, Türkiye"
